-- MySQL dump 10.13  Distrib 8.0.30, for Win64 (x86_64)
--
-- Host: localhost    Database: project_10
-- ------------------------------------------------------
-- Server version	8.0.30

/*!40101 SET @OLD_CHARACTER_SET_CLIENT=@@CHARACTER_SET_CLIENT */;
/*!40101 SET @OLD_CHARACTER_SET_RESULTS=@@CHARACTER_SET_RESULTS */;
/*!40101 SET @OLD_COLLATION_CONNECTION=@@COLLATION_CONNECTION */;
/*!50503 SET NAMES utf8 */;
/*!40103 SET @OLD_TIME_ZONE=@@TIME_ZONE */;
/*!40103 SET TIME_ZONE='+00:00' */;
/*!40014 SET @OLD_UNIQUE_CHECKS=@@UNIQUE_CHECKS, UNIQUE_CHECKS=0 */;
/*!40014 SET @OLD_FOREIGN_KEY_CHECKS=@@FOREIGN_KEY_CHECKS, FOREIGN_KEY_CHECKS=0 */;
/*!40101 SET @OLD_SQL_MODE=@@SQL_MODE, SQL_MODE='NO_AUTO_VALUE_ON_ZERO' */;
/*!40111 SET @OLD_SQL_NOTES=@@SQL_NOTES, SQL_NOTES=0 */;

--
-- Table structure for table `ncs_attachment`
--

DROP TABLE IF EXISTS `ncs_attachment`;
/*!40101 SET @saved_cs_client     = @@character_set_client */;
/*!50503 SET character_set_client = utf8mb4 */;
CREATE TABLE `ncs_attachment` (
  `id` bigint NOT NULL AUTO_INCREMENT,
  `created_by` varchar(50) DEFAULT NULL,
  `created_datetime` datetime DEFAULT NULL,
  `modified_by` varchar(50) DEFAULT NULL,
  `modified_datetime` datetime DEFAULT NULL,
  `org_id` bigint DEFAULT NULL,
  `org_name` varchar(50) DEFAULT NULL,
  `description` varchar(500) DEFAULT NULL,
  `user_email` varchar(255) DEFAULT NULL,
  `name` varchar(100) DEFAULT NULL,
  `path` varchar(500) DEFAULT NULL,
  `tags` varchar(500) DEFAULT NULL,
  `type` varchar(100) DEFAULT NULL,
  `user_id` bigint DEFAULT NULL,
  PRIMARY KEY (`id`)
) ENGINE=InnoDB DEFAULT CHARSET=latin1;
/*!40101 SET character_set_client = @saved_cs_client */;

--
-- Dumping data for table `ncs_attachment`
--

LOCK TABLES `ncs_attachment` WRITE;
/*!40000 ALTER TABLE `ncs_attachment` DISABLE KEYS */;
/*!40000 ALTER TABLE `ncs_attachment` ENABLE KEYS */;
UNLOCK TABLES;

--
-- Table structure for table `st_attachment`
--

DROP TABLE IF EXISTS `st_attachment`;
/*!40101 SET @saved_cs_client     = @@character_set_client */;
/*!50503 SET character_set_client = utf8mb4 */;
CREATE TABLE `st_attachment` (
  `id` bigint NOT NULL AUTO_INCREMENT,
  `created_by` varchar(50) DEFAULT NULL,
  `created_datetime` datetime(6) DEFAULT NULL,
  `modified_by` varchar(50) DEFAULT NULL,
  `modified_datetime` datetime(6) DEFAULT NULL,
  `org_id` bigint DEFAULT NULL,
  `org_name` varchar(50) DEFAULT NULL,
  `description` varchar(500) DEFAULT NULL,
  `user_email` varchar(255) DEFAULT NULL,
  `name` varchar(100) DEFAULT NULL,
  `path` varchar(500) DEFAULT NULL,
  `tags` varchar(500) DEFAULT NULL,
  `type` varchar(100) DEFAULT NULL,
  `user_id` bigint DEFAULT NULL,
  `doc` longblob,
  PRIMARY KEY (`id`)
) ENGINE=InnoDB AUTO_INCREMENT=29 DEFAULT CHARSET=utf8mb4 COLLATE=utf8mb4_0900_ai_ci;
/*!40101 SET character_set_client = @saved_cs_client */;

--
-- Dumping data for table `st_attachment`
--

LOCK TABLES `st_attachment` WRITE;
/*!40000 ALTER TABLE `st_attachment` DISABLE KEYS */;
INSERT INTO `st_attachment` VALUES (16,'root@sunilos.com','2024-10-01 01:52:11.377000','root@sunilos.com','2024-10-01 01:52:11.377000',0,'root','Profile picture',NULL,'download (4).jpeg','/User/profilePic/79',NULL,'image/jpeg',79,_binary '\\\0JFIF\0\0\0\0\0\0\\0\0	 \Z !\Z( \Z\"&!1\"1)+/..383-7(-.+\n\n\n\r.%&--5-///+-80-5--+-07----0--//-/--/.---+---+-+-+-5-5\0\0\\0\"\0\\0\0\0\0\0\0\0\0\0\0\0\0\0\\0N\0\r\0\0\0!1\"AQa2q#BR3SrCTbd\\$\5\\4cs\\\0\Z\0\0\0\0\0\0\0\0\0\0\0\0\\01\0\0\0\0\0\0\0!1AQaq\"2#\\R\\0\0\0?\0\4()JP\\&+\II\n\dvo;	\*~\<f\'qmp\*Mcz^Pou֫\FqҮ\\"kimO;xN\\Z|\7ME:~n\#E\\]\\\\\r\ګhQ卧wCd\:uj`\}h\\gt3oqa>#	\'.YI\e\ \\g>c\"\poǼ[\=]Ȏ\\LR8\\\\ 0Gb+~JRR@7\Y\M/|)n\w\{́\@OR8M\0o\nL#0\PY\0W\0\\#|gƶ\)JJRR()JJRR()JT+c~\q\{f?\s/h\s\NW\c\nϱ\ι\t^1\L\6CN\"\n\rk\r\2t\$n0ѷ\0Њ\2pVr.m(1\NLL\oqᚥv\fv\i\]\\\L\a1\!\1\L\\\\pE`H A #ι\\qpAVd`|Aʑ\\rM5\<2V\aј\>1\#Pi-zgFF\;kgkq*ƽz\\ks:\ܫx.\\}\ܵ\}]ym\8\!M\N\\\z\rٷҭ\\0+\YȽ\"\Hs\6S\h\\'k7\gHy#H\'\)fv\Ұ\ރc\9\h\r6\y\n}\\\4\V§\0s/:\4k\\*+5\\)vg}\V$\s\ĩ0@\bYn=\6\#\cT}*3E:\"1p9d\K\\,sz$\X$sI\Z\i&G=P+H\n7ؚ\A&\J\K\џFP{݄\\\\Z>\\9smb\m\P)Z6Q\\\\l\'򼗔%+AJRR()JJRR()JxѴD\f\p/J\\\ঠx=\s\@ݾg\'\QF\\U9\\\,0Ǯf_0\\\gYx=\r$0)J\l*Rױ\=ˌyJ4\\\V8D\nQǺ\A \S|̟RuIaa\X\\0F\\^by\Ztٱ\"^];<꧴c\Fr\0W\'\r@1\\\\0\&=\uq>[\\\\\]UC3U`OZ \n\8DqL=]o\'}vp+\\\\\\rmsn(\ZR!Nݙ\A#˭l\e,,XZG%J?2­\v8\Z3\n9\v\%ܢ4H\Js\峆 \+Q[(̋*\3vl\n3#B\Bk\r\g\\0se\昤\\)ȘV\\S\}<k\'#\R\K+\d5j`3\Lm\t\٥1}/q\<GyGxKH\<yb\apF\\.\X\:g x\9\Yeժ[\n{ʾ)5wq\Hy .\%|{9FMt>\<οo2)\#Њ\TdE-,\Bաn-eq\Ux\Ie;M<1^&QKUb\0\0nI\'`=kZ~%ʰB2:}\\|I\/{\D a\=\0kƘuȽUJ\t~\\9y\O\/f߫ں\\i>Է\0\k1h\QP\\rJHuϫK@\D3\{H\\uW귺\\^U^\rK7٠J\\t\Z\\wkҌ	Q[t;\9*l)JJRR(BsVS\f4:As\Ab*nO!\\\㶜g\(;~,\@z}Ì6jɒPfVi;\9\:tX\(\:\rmQC*K3xD>Eت]Y{ɞ\q+$ctbʬ! $d\q=GW2\\]$3\W\be,\`t\;ts2Ojͥ$j;Ȇ8ј\\[>9t<6S\\\E>Iel[¿j.% \\<N I-V\n\B\L:\'fǗ@zn*C\\\r\+\\d\`\ZdƴsS\\2E\m\]i\ҟS\ZᯱƬ.ӕX\Yza.\&Ϗ`I?{ߨ$_[\\=biH\H\ZTi\\RC228*ޠGR\\.ٹ>-0\\A\r\\mi\\'Y\A\5]:\.#tah\#\C`ꉴz!ǪcƮ\\v\\i\\\ya;B\\Z\\dDٳ[Idc\;\OՏZtT\oS\R\$p2TA;U{Xth\V?\Z\Vn\0c\F\+\3\-\\\\)RNK\e\B=\\w	{=\傔b\n\46\\\O@*v\x(1\1\\T\{\0F\[\`\urFq\\\Tm7$\|ʵt*\3\\\\%^\\\E\c0`\C]NmP\\Cjlౙ$%\\=\h\:U\\+0\u{u4\"/`\\+%\0p5edOvDِ\\ӱKSԒ\\0\DF?c\?ђ8\\\":(b?[kQ|\"MMo>;d	\0a\}ۼB\E\\J\0\O\Q\N\05\\\E\Deˏ\0{-\_m\'\]j81o}S/{\Kɿy\\1JR\nR\0)@+\&\mp=\j\\+\o1ph-w%R\=U|TG+\\",r\|\\0|me	P\0Z`-ã`b50\\\OLj#C\z?%f!b³ͣ\n	@q\9\\ڈw/\\\?\\gur\iՐ2\,\ᑢq\R0dx\\cGpC`bɞ^\i;I4X\r#%$\ݭk8\3\\#\ZQUGP\0:\\\\\$\Zz18\>Aܜ줂|:\c\(cKu\rcN\\T\\+)V@ \"Z\\l%9\#G\	tψ\\3\7\f\PI>!rYZgD\`\ \𬜢\\3\73\\\;\lC4uпf\\\\Z|e\0Zh\\q&;A/x\*\l\\\|\m\0Gε,\li)5 \o>*X~5_\dx\m?wZxU\pͼ7y\ cj+\KJK\\^7V\n\H\#\AQH\NJgu\\	\Z\r51\@$\02pI\\>o_ڒUo=jJ1m\np2\m\'ֽ\	R\P*\-vô\?v\$ҽe\h\8\<쒎1_R]ž\v\0\%eE0\\\ڄ1l)U,\0IJ\ֆ=#\RO\'$\'\\y\\^<=i\\'+!\\\\zHOOUA4\\\fM%ӛ\0DtȥQ\\D2\\|\"\\\0v\\{ci\}\(-_\'$	¡\	\ǰ\\\j\\)Z\I\,	\Z}՚P326\\\O_gRK|q\\9\,k)v^)X㌎[\VJO8R()JJRPҹ_>,s\rrG\\w?\\\x@\H\\\\eՉR\\=e\\04ub[c	e\0\0\7;||+-F\Z(UQ@+5]\"%\َ??`\0y\\݇OJݬS@#\~u$\Zo%\\/b\\r\	Z|\"\\nYe\\Uς4\m\3o$ZI\1\/\5\r\JߍG*\P>&=J>9\\\w\_;In464(RB\\j\\\[i\\P\\f߫6p\v\>uo-\xdE;(b6fCu9,s\`P\8\'\ P%̂0c=\dd26h5acyG\Z٭\Q鑙\m|\ЧpNpzt\d\r\W\$\T>zKgxkp-\\rۯ}GL7\\*%&4E\m7<\,\M=A\\r \>ʜN\\\\kB]IYv\\?8\1Ȟʣngk3팀I,z\L\]\T\~\Z8\}`\V\6>FW\"kiXVC}\ \m[M\P\\r#(O@{d>\ɺ{\H\\bR;d3\`>5\ѹ}af\1GQS\;K\N\tL$@Ui\0,t\Q9ӷx\V9l\e*\\ti$A\'Ƭ\p\.}%m\}m)A]:i\\\\\9S_ZۓѮf팂I!\V\@P\KS\\7\#\H\\\\Kur#[)\*G:y*$\r\\'\ֶ\nh\\"1\e/\\	|\0W:X.k\d[y\F\AN\gѱ\}\*\m\\\-\{\O\\_\g.\ɠ3a@~оe\X\I\\ \GvcQ\\mc{{kb\L\d\w=\Hӥ09\0B7R+\n!Ǐ#ΓoJR()JJRR 9猽\3)\D6\*w\G\Mq\?vV\\\\,NwdFo\0:s.\x\	\D\CP9\0\e\!\8<P()\n\v቏\|1_4l\\{Rv\r2b2|\ms\l<rD, \mwX\cclynr19d`^o=M$r%\A\\>\G_ۆ\$7H6Y?\0 D\\\d\\:~c\r0Dh\|I=X\lW\\&\\ igd\]I\ \Y\\\2{c\\s\FcHS\\00pqlM岁x\*	`:+.5|瞏\ߌn̶Q\\\vhFއ\{\Y(\c\\\L\\\-)b\Kzg¸\\{\\\W*Q\\b\\\U88Ӝ\\M͍\\0eE_\\t\0{\8uX\"\ʧ\Z\Cyu޹YgAIz\x\8=pۨ\ĻeGTtec\Ce\-\bnٙ3\5JN6rF\ǯ}y;9t\Xo\l\b:\\GZp~	5\\Yį\'gH8bq\}Fq+\S2B\D\\\H\hE-*\|V\\wGe\HN\N!C\A,F\H$\r\b4\Zb78\c\\1\'¹V\\I\\\#Al\\:\P(*H\'l83y\0\0\0\00\0\\06\0\n\DѮ\ø>#\<\l\8\y:\F1*dgH	8\7\'y\FL꘴\\		ٕ\\0\]g$\\Z?h\&\O}Ѫ:;V&u.ahDRo\Z5VP@\Ƹ%\\\rPV\%UԝFIx.D\HdHfT-\\c,F>S\>m%\UVf1j\ԚNw*0W=5hOm\Ҫcdz\0&\߶\@*\\#\0)َ[\\V\m0\UZY6%l\d\03\W.\gLu\Zw\\{os#\Fz2s(, \0JD;4T\ǡli#9$\\퓊Ȏh\VwED%\6J\n4o6\HۺsO{2gP\C\	P]NB:q\T\6\\03iDFR/{X\ru\>^\5ь\n\ngܕ*\w-TѹM\y\jP^y\\w\n;%\0v4o}zY.W\H\xb߬\1\L\T[CH\#pAd#\e5\:0hϓt5B+\ \0\0<ꔥ\0)@)JP\nR9\|\Ǎr^\'n\'y.K+uf9\'H|ZP0\0F\U׫\T\=$tG\Rb\\p3\'x\V+FMDF>\:\'\n\	\Uj5^#`\n\\$EH\b^}ӊJ;w\ͤYe\C\-K\\\8,2Il%\$[$>=\$\\Z#X\"\\$]P美\wa\W\\v\\\t0>:ucXoW9éa\T\N\'?NѤ@ά|m?\f.\AQ\QGP\\P:\~Nd\I,q-dʅ\Z|j\xԜA\W\n0D\\wU\=H\*ӭ\\Pk	\Z|\s\@B\[Z&\v[\\0\\!\8\84]\\rx\Q&%\\9$X\\\Y\2sJG\\\Y\0u\Ɂnˊ\0\l>[V\g}؅E\DVݧ\\;p:\~CO_\'\\[h\\\Z\:捝$,;\A`u0\F\0`V\ͺ]½\$\;\\\gVpGN\\lַ\$4`\\uL\\N\\0|n+\~@\,\O\r\m\O_@+Ӟu\\\zJ\n=z>]\\ͨ	3	P\09[$$q\31>#\Z\ghQA*@\';\\;ԍ\\\\"`\H\\w$\-l7Ƨ#\r#`|O(\0VI\/O/_\\\Z\"I-\\D^3!:#\<\E՝\\cF#Ɉ\d|G\Z\\0p6?\Ow1\5\vJiqu\<,!-\9*ccԒ\0u.N3bi^\\Z\\\t\o,\\>?;tZ<B I,h|A>Ҕ()JJV;\\*(,\\@$\@@\6vɃ<E\\).\}:\E\Z\	:r2w\'rr|\\F\Į\\[Ū;5#$б2H8ϯ\0Y\"\JV9\DR\ʪ:|\\b^\4+W \\ʎN5w	\\؂w\Ƥ\\6p!?\Yo{&ą{6VI\0i#s\Ơwm̈\Yte:@\)_{9\L_\rƲ\\Ĩq\\s\r9u8\Kr\ײCĽ\%J\'mK\__HWp6ePI:\\:\8.[GiLē\h\\\c1Wj\s\\\\Wm3i\n\\Z\\H#|wH\޵l\\g`ǁ F#\'$lÁ4CFjqn\K\\'\"\ё洸\aO뚚\\z-\u`< \Z\0fK\W\\\\gB\UQ\}Z؏FJD`w\\"Y8GP\ʰ\mS* \[1\v9VȘg9\t}H\0Rk\\n]<B\'$3E\\\RC\_+QGk\?#Vߕ#KdX\1B	N#Imjg\\jǂ߅X+x\1U)?\+Te\\\緟\\\\2s. f1X׺t2*FOI5Cj	WqYDA\}3\f-W9\\\R6@!Nʲo\vS\\;wsOvؼe(\\%Ose\0#q<@H\\c܁@\Oa\\\i<\<W|w~J\\\\CM,0*G\T\U-k0^\y hŤ\\˂<AΟfYN\\b~=}l,:UR8\2Ks/\,7\':\\0\0p\Oq=\\,\\\`\"\H[\\r}\\^W-Zr\ZV$QQFʾsI>x\0\\Ҳ1>U\Z	e\dp	ωQ\?\;\)]RKdQR$\nR\05\<\\Rvb,\ay\\\\r\H7>#\\܎t1s\\d\.âbp\\̚l؆%E\nP\0`+6j\OUa\P+=*\M	~f3\0$R\\"\"0хey\+˥\o+A-\\\|\\\C\\\pD7YPw%]XVՐ\niŖˈ\\XJt\\vϿ|\VY\"\8s=\0ǷûGG\\+\0\ȮW$\iT\ \0\0\0`*ZCK+F,\p\0\\r\\'īen}\(=~A\N\%;5Z\j̲\r\\îH|\\m\\P\n\\8d\ڸ\\D)q$r=%\\0WB.;<5ÕI)\Z\\,Ib|ɯWo\\mZos\5\6G=Z\0\^V@\3B\W\Z@F\\\xͤ\+q=\J\Ư(cx@>ǩS\\syx\=\\Cݭ\0\\mm\"%Lx$ː5.rpsd]jeCiy\\\,0\lg\7*OiݣG\"Uݢux\Q$\o]%T\O̬g^Dx%u(2* ~#jF8\\<χs:F$gBOV\\CV\07+b?G2\@D\|n~Eu\n\r/$\wYL:4<ɭNg-?~*T~\+~O\\0\\\N\\0\\\0T/de\\4m`wcu0z.\Ո\\1rnKh}n0\o!#\EapxM\)J)JJV\Z\,qV?\\0݉s@nI\",\\0$\0\I\yg\n֖cY\ \\~g\\{8\\\m`\"\\\ɏu<Bن*P0\0$CfâE\Q\\\[tXy\ْ\ɝ9+s\\\\\iTR9\ \\\Tu,v\\r7`\&6tQrp:w&A\\q\Zh2ĒLygf?h.\͍D^\}\,2\=+2# b+rlNY1	-|?!P$9\pȺ/`A\\)UG\\r积$ԷUD߅\ŀ \\\\NsU\b\O)xEy4BQELS$}wWͯ:跏=y\Q\\'aнq^\\ \\a\\It*Zq)}LQu\ne_vd:\GPh&vzV\\]B\ȲF\!\q[R\NjA5Q\m\0\mn	\\,5tgc@R\\\\\m>6\\>%g<\\\\	\܏\i?y\c)x-VƔW.\\"\ds\շ\\r=j뤑\\|\n\01N\qk\Z\\2@\jx\\rH{\Y{kd6.P5\\#EY9\[;6;!\N\;\\Ny=VX\n\Fؼ}B\n\\\0\㝶BM\^刖yC!$a\8\)w-($\'\@K4\\nh\B\%Lu\VO}n\\0>5_5nQx[\*RYbs\6 f<\>B$9T>zf_ݔ\nId:\"z\^u-\\0Mt.D\B\B\b\Aћ;\@p\v\if\^\\.<\0\[Lz,R<JRR d\H2\dv\ҴoʙĥP\wt\ۮ\\V\P_}a]\\0g\\\VP_}a]\\0g\\\VPX\+_\\\.\\o?ի(\n\\]\/?\\\x2XqH\"(LI)\c\1mЅ>u\j\G\\Ż!2\:\L#\+\GSe\\~5\8Kd\\q[\/\\\Z߮)Qo9\KJ\`\r\0kz߹sy;&el$:cWO_\;d>yZ{B׻\le\ݼ@\\\|s\S\u\ -9\v\\'#8\\?\3\Vr+rsw\cw\"\¥$FKe\y#\I\OV5G\\0eq\\Mv%״|Ow#!\\\\n<,Y\O>C,3̥\G\r# \0vxW8\gk\r\ݔj%b\|T9]Q\U\n \n\:99\A&ƿڲ\cy\աRm\s\8	v\!/\m\q9\\ku\``~j5g¯5 \w\H$\ă.޸\͉\n<MhI\\'\.t\-9+\ic\b	\\\0Vw+\N\\[wg\\d\|B0\0`\nȈ\#B7\\I\22\a\@?+\BY$	\JI\"\\B2zXj\s͙ǁΥ@^Bo-ĿI*T,QI@Tl2\v;l\\\wh\0-Rm\v\2A&\񀭁\tĚ$3$Uu>j0?\\]>xV\q\E~N\w֏\t\0)]\D\\wh\0-?\'O\Gjr\\wh\0-fiM\i\0jP\nR\0)@)JP\nR%\G(9N\N\\\\Pzj\\il/\U\e)S0{q;\\t\gRy\\\Z\\m_\wr}&k>\C\c\F\r)K\)J)JPN\'\\٥yќum\\_-.ݵԃ\T\>Ɓ\0G\\\K>E\-\ڦx0}\7g>l\,\Ԓk\0p(/\"\\0FS\a\Ѿ\۸9JR˜B\cң$H|ylFN~\\Q-{\rί[?7JW?fQ7ב:\bɽ+̒k\k\\FF4+1\p_q]Kؤ\c	*(\'8UF;lW<\)lҔ)JJR\'),(17,'root',NULL,'root@sunilos.com','2024-10-01 01:54:36.636000',0,NULL,'Profile picture',NULL,'download (8).jpeg','/User/profilePic/80',NULL,'image/jpeg',80,_binary '\\\0JFIF\0\0\0\0\0\0\\0\0	( \Z%!1!%)+...383-7(-.+\n\n\n\r-% &---/----/--5+--++-----------+---------------------\0\0\0\\0\0\0\0\0\0\0\0\0\0\0\0\0\0\\0C\0\0\0\0\0!1AQ\"2aqBRbr\#3\\CS$4st\\0\0\0\0\0\0\0\0\0\0\0\0\0\\04\0\0\0\0\0\0\0!1AQa\"2q3B\\#r\\0\0\0?\0P@X %\0@h\4\`{\'8^LE\c[5=\M>$\yQa\|\k\06\\\\\ϼW=&Ӭ\Z\bJ\\lbxp *2RWFїY\0(\n$@@H	@\0@`\\t2W.\t󳝖W8\q4%9M\D\d|_+F\\wf\\#_\\VH\0pk\L\+2,Z\F\G\:Ҧ\\'O2GMg\vTW[ӭ	*r\\[L\0 \0(\0 \0(P@`^WPݟ3?\h=)\qwї\\0\΃pުW992}:J*\\'ymiѥ\\Zҍ4h5\tkN#Y-\PC1ý>Xt\Zd\\\E\	l\.%g\'iE=S©B\\ˁ{=\\P]OU+\7\\\\\]{IW`x1\ZRu\8qZ3٣\\L28pYSR3L\\[e\\?E>5=\'xf8J\0 P\0@U\\0d5;C\\\\և\Uv\'o=\4/\\\픫\IUڲ|bh[+V\NCBJ\K\nT4[Ѻ\\ۮCvnC\(\r̐\\܂ө\fkpF7\˨KI\Ȏ\\Ӷ\ɻ>\gn\V&\6\d\\0\y,\tesY{\\\=O5V0S\]V\FBC\\\w\\Zx)N9p\+<F\bjh\^pp\wD\\+\w\LE$\e\+R@EP \0(\0 5Ao\$t\\{aF\U\\\\F\\'Ɵ~*G5l֙\0\\n:_th\)\U\\\7}	go\Swkn	b\r\Z8\niGȕ3hNZųayErӊҽ\sM\i\(q1\0\l\\/S\#{&\\EEr\fZ`\&Fȭ%)&\Ks{A\o\p(׉&{\'mHJ٣4\Qe8:r<F2f{˜<\3\;=3/C>\T!I>\L\\\/mm\\x|B\Tՙ$OB\\0   !2#[y\'\^:^4\\\\\F\0%A&D\w`n\'tq;A\\0P\K4\&<0}g~-evHzS6פx/hx\\0jy\ֲ1RĩУWJ\R=\rtK(\m\w\"ځ\Ǐ\Rß4EX\k3\\L6	C\t4\\#QfME(\\\}\\4\1\#cn\\O\X\noE먢OCg\8f9W\\FͮK\v׉XH?#w̐9 n)@VrDuW)g\U\xޞdh\YW[\n\i4P\07dT@\0@\r\"`w\nk\'*xxl\~\3ԭ\@ww}\ыd\j\m\\괚st\0\?U/\\?!,M\r6\5\$Wz/-4Ǩ^{Iq9\R˝p<\\t\\,\"6\\J\\\ZW#\\UZ\M\KOS:)8\Ǥ\\K)\n\2\\\Y^\Ki^a6!#PFMm=\\]\IW6(\aǓc\\i\\\CZ\n\\Ч\Zt\\RVU+I_mֻ(\o̕Z\Ჵf\a#4Y\i\)mk\%)\'\r\c\\h\t\\\\ҹ\\KX\\yY\\"\rM\\\]^Plc\|OR\<\;G/3[\\0@A@@J\0 \r\\q\l}\\\O4s.<\+>\'k ߤ<\e\'\Fɽ\n?CU\\\sm8\N^C\\nz؁%fc\ba \\ZƜV\0+e˙\\а3fȯ\^\[\0j\ٽ\\D\\Fc#^;ƞ׳Vi}\rF \\0h@p4\)\i\GF4DRYO6+cm&TM4\0w|UJ\\2G\r,vO\\xe>Yp0U\q\\2x\n)4iZ+rһg\W{avJ\~*jrssٚ\0@\0@ 9\\0\%`X\,hNf\wD5h0>,*+G\{\G/\\Sz8Oم\\	\\\\ng&[S[LF\tY\Ԡ\ +u\\\% R\mն2I\\c\-c\\kZ\\{\0^$s9EG:GT\:\\\eŒ\#z\r2\\Ns\\y\t(F\\*֕G[\A\0@@H@J\0   8B\\;^Ñ+\R\ke}\qG=,qH\-4\\n,J\D\\<\n$nrjƿ1\A(vD\Q\\$0\Ne\Ǩ\\,^=2u:]Gc[=s\\rz@Z@?\g\ÌQ\\\i\\\2,pg>Y+@	s#m\ĞŢsR\X\N.+WsMvQͳ7yJnh5\rS\\'-bοan\Ɏ\\1\|OpXvu~\\\\ŝ\J  \n@J\0 @T$[~\\x\tpͧ\*\'tg~N\41<RFdA\s\"㤷E\Z~(\\3nrXKs\\8)*fl\\˵نL\\\h{F履\\Ay0{\\.ܲ\%NVڐ]\\q\\w\\ӵd\Uvxݑ],\0\[]IOϩC8\ͮQ\'\=\\\"ή<\\u?!\\PT)/oVsδܙB\0P@X	@V\0\0@!n\,tdnHu($+t|$\S\r8-\)\ 9Vmn]\"a҇2\\++ݭm\\\\ޞ.UO_O\{\HCI5\[\ZN\\噹>dlN.9R[m\>-\\k틚юw3M9iiϘ\]#&K\1\Y׋\Ⱥ	\8\+)^\\k\&nZ\׈P\n(\\\\\	8\9-f\\f`sG@=F/t\0\?3%v;޼\+ \n\0@A(@\0@J\0 \0 5\\6T\zR\iYTp%mm\\2}^\0\0\r\L\·֚io^\J]b?\d\T8\\͑\Q\.N\ZeZ}~:5\֎zRMt2\0쑆و҆M\\ٮ˲\7IpW\U\B\n\ҷ?Cyv\\KK\Hh{H!\\n8uߊ\*5j\\\\\E\Wu\~\\/\0@\0@@*@\#qߠ\+Ui\f\\Q#[\Z\\hn](\毆Y\=堕\<ܰT\\\\>y\QQ\TK\f$d\H<A +\n\QeS]U\ugM愚}_\"dqqI\$W\SN).\#ڵUw\'\'շ6\r1\J\\P~$\\ϊm{\GbMԩO\\=>>65\\h\TҞx&ZVIl5d\0@\0@J\0\,\\?Pq\%\\q$^\\n̦~gyхJT7\1I~n4MI\}\nѦY-W*\I\\\fj@c\h$gۧTU\G\?b\'\0?Tz\ڪ\\#\r\\'G\§ŀ@J\0 \"	@\0@A(\n@J\0 8\R\-݃!\*\<\/(C$36\H];:gT\mCa8a\Wc*fnG{Y9D\nk\컜\\p]\ZyF2\3\S\\J=~z\\yb@g]W\\h*\c㉥ā\\CQ\sR\E\0\\\'\|\\[iׇ\.>M3h\V\(\0P\0 * K\l1S\%u樑痫4##k\=ʲsI\"\rP\VxZƵkZ\Z\@<J\m\\0,\m,x\0R1_y||E\O\sUR\_\\8Rr\\9N&6\PT]+G\\]D,/E\Xn\Eh1@Ƽ\Hh\\\֍\\ўjJLqD\we\h(K54\|Dr\h\[! \0 \0 \0(\re\F T\\[-ԙW~7cb\nw\u<$o++s;bT\D\wq\{\ǋPPĖx.\o\\dW%B>(dz\l\0\%{\02>V_W\\\菽\Y_\ߒ\\;\l\\R\t\lXbh\Jә\Z1\\Q%m4%\0d\0@P \0 4H5EyP_Z@\_ς\	f8xy#R\m\k\2v\`\wT#\\c\U\k\^\\\Q\E\Q\~[!i\'\Q\W>\.wjF\\\{\\\}gg\j~k\4Z)B@Y\0@\0@@	@U(\Iy\\hŻԷB\S6lv^6X_\yЍ*Y\\c\Zvi2-\\r9\rT<c*R\胈JN;\\ (;]{V1fr\#\\\4t7=`\r8H-\J\'sGܸ~ۧYb%9mʗ\\[\a΋\\ھ\]fok\\cI\\\rHրgGuҕ\P&\\"\iI)\0 $ %\0@I@\Z@A(.(^O_\r,r/C$TN\	`c\ZQx&S\)u\Z1\\\\07\07-\"<gSO\\Ud\\"\1\\>w\?y\\{6\0\\(5_\~ԗ\^\\?\/\\sDŘ\\0ת7(9%\ԑF*/­\z\,F(\1\Z}\:\Zq\Vsgs)3Yd\0@%\0d\0@%\0dF\\\4\Z\\QJd2\3!\\c\Z>3ji\h\U\R;\\"~ovyg\"F9<\4Qi%~:QD\\՛\\\Y\\n\#\0ҸE3\R\xc\Df#i\\Q\p\*I\\\f\j_\ǽvZ\n\pkKhI\\v);j.Ϋ}\0c\~\\u!KGf{\\\\\L\\X\\4\VݍVG\0 *J\0\\0 *J\0\\0  \0 %\\Y\3QTU5ԽS\kF\\\Vtw9ۂ\\\\0*\i\{k8E\J+YE\=\@h\0\0;\0W	$m\\^\0@A@@ 	@\n\0@Y\0@\0@)ᜟY\0oY_q\[MEoOĴg~]te\\Ы5\\\M+\0 \0 (\n. T\n(\0\v\\x\Z}m\Yv}\\WsGk\r+\"\Ef|\\flQ6\\\0U\\"ARnrr|O\ \n@\0@\n\0@h6\c19!\\0K\NN\0\nkhw\\0@P,P8\\\\N\\0\\\_Qj\C%%\`,~~+\?S\\0/CW@%\0d\0@A(	\0@\\I\qRCNQ\m8\m@I@Q` %Kw\|V3Xe撏3\0HtV\ͅ\{445\^\rtgp| *J\0\\0P@X %\0@s\\\9	\\mE \\Qi\h@T$	@@\rN\\\،x7R~\Z\\6*V\2f\nu8\4ns&7	\rgȪ\\kq)%dt\7\>da?+gt\x(\0 	@B@@J\0 4\Cf9BV7WJ\c\Zx@Y\0@#	\	@y-\Z\\%i!5\\,.ʀ?z\FMԉҷBTSѥ8_uf\-\\|H\[V8\0\Z\j֗FK\\zP\.hR:\8t\\\ߖU\AA\^\WHK\\]@J\0  P(\0 9\o22I \rͮ́\ӣ\[\ : \0\"\\\lX\\5\3\ña5w\u\Ej\\{{~9ˢk#k_\\\#tݺkOu\\T)ӵzk\;?o\q\"%\ \0s\"\A\Zq+kR\ͨ\w\\\\0 !\0(\0 k a>I\ZZ?t$%\\WM\"\#D@@J\0 \nMsK\\*\w\\a.@.\hZ\0̂\r(;+\Mp/ݻV%U\\\\{B\H=>}*1srC\\-	\Dd̟5\\o\\jx@\\0\$h\V\$\\\^\n\d7+\"@\0@\7\Eϐs\Fh\\\\\'	\Z\(*\	j	@@@Y\0@I@c۬Og\8fFHz\\\\"\\,@\e\a=k\Η\0Ee=\:]\\6h\s\A93\\KZIߡ\ꅵ!\fxNt=fRJ\0Ptn>ޖ;\rcsH.QG\\@6H%\0 ,\0@T\0|m:\\nYF\0 %\0@%\0 \'),(18,'root',NULL,'root@sunilos.com','2024-10-08 18:32:05.885000',0,NULL,'Profile picture',NULL,'images (5).jpeg','/User/profilePic/77',NULL,'image/jpeg',77,_binary '\\\0JFIF\0\0\0\0\0\0\\0\0	( \Z%!1!%++...\Z383,7)-.+\n\n\n\r\Z.\" \"--/-..--+-------/--------------------------+---+--\0\0\\0\\0\\0\0\0\0\0\0\0\0\0\0\0\0\\0F\0\0\0\0\0\0!1A\"Qaq2Br#Rb\\3C\\Ds4STc\\\0\Z\0\0\0\0\0\0\0\0\0\0\0\0\0\\03\0\0\0\0\0\0!1AQ\"2Baq\R#\\\0\0\0?\0\ \0\0\0\0\0\0\0\0\0\0\0\0\0\0\0\0\0\0\0\0\0\0\0\0\0\0\0\0\0\0\0\0\0\0\0\0\0\0\0\0\0\0\0\0\0\0\0\0\0\0\0\0\0\0\0\0\0\0\0\I%v얭\\\\\r\y->E,\\k7$VLn:􎬮7\\XZQ\z9|#\\-P\[h\'w3\\W9\\Z\'6<\\".jhz\ZiA^\%-2\\GlSV\zKrD\0\0\0\0\0\0\0\0\0\0\0\0\0\0\0\0\0\0\0\0s.yv\\\ZxHIR2Z\YA<sjM\"l5\W?\5yrrÒsZ*qTe\\\]߈gR\\\'5\"\\wj%|F*\Նȏ[\Uo#(\#\\\96QEF\ĭ-kr\6\F6\\?O\,.\ݽY>\_\9\\+\W\\t\\Z/\2\0\0\0\0\0\0\0\0\0\0\0\0\0\0\0\0\0v\	)q\\~+OVeRn\Z\\\\\y\0\[m\Zq\\\I\\\\Z/\s\0\f#\QS\\-\T\\OS\co_B⧾OɊ\Qb\C;޶J\u!O\>#ZXay!s+/\[赋иjͿT\&\n\#JQm)\9$߭{\\zk\\gn\,6:\yZ\JW\UǄ]\ȗ҇St{5\@\0\0\0\0\0\0\0\0\0\0\0\0\0\0\0\0\09:T\cRTm\+4_V|x\\\\\z}߯\\rظ\\\nʅE\Tk\e՟Mv^#NթJi\=$SӇ\r\.bme\0\ij`-\Z\\+:-rUj\TҝO2nVg\Lח]\h\b#\sZaԔ#\k\33\\Wxʒ\BT\3Viߍ\Q\;ۖ6\\\jzM=\gښ\+\Z*\\\r[Ê\0\0\0\0\0\0\0\0\0\0\0\0\0\0\0\0\0\0\غT\U3*M*p\MݥL;zN\"{ʢ[RU\*rK2NZ5w(\k\mH\\ŷ\Y]\'Wgڸ3xk:\\;^.6O\cJ\1*m^Sk\I\44\ȭu]\Kn!ᳶ\\Ԥ;e\Yx\\VeL\\c\\SII~\}VwhS\\0\c\\KO6\0\0\0\0\0\0\0\0\0\0\0\0\0\0\0\0\0\0;WaSܓ\\'\z4\"\x8b\\ilʙ	\syS\47\\m$Tg\a\Y&;w\\:VH\:ْ-\u61\rWW\1)\\\"өR-Fi4N	\\0I=\\:K1\Z\$h\^\m)\Ro|[%\\y9pC,\\0\0\0\0\0\0\0\0\0\0\0\0\0\0\0\0\0\0yb䄥k匥n+ڕ\G6ޯ{վң\DDFk\2bc~	\na2FRӃ\Ի[\=f\LU\\NvLpy=jK]J\\\\L\46V\0\0\0\0\0\0\0\0\0\0\0\0\0\0\0\0\0\0\'*iC	V:5NkOL\\ˊN=\\n\"+.{gǘQ\rVUc\\N++6+Li\\խϼ\\\cI|/9/(J\\4\'ΣpoM뎍\%\X\U?\\\_g_\r\Z0\\+Iy\"֜Zm;\\\Z\0\0\0\0\0\0\0\0\0\0\0\0\0\0\0\0\0\0;Gk\\\\\$%\{13>\fXYm8v<\څ\tI\'l\p\l։\\zw\r\$k\\\[I.\jgh[n_!5\qq<m\.\0\\\\\\\0Ej\\\	oke\\oY坫e\\z\~4\(ʍh(\\td\mh7ŅzFo\1-\\ҧ^Ot%x\FVo\/\O/[\u-M\0\0\0\0\0\0\0\0\0\0\0\0\0\0\0\0,-\'VV/ZR{Ř\\\8oJGW3\\\\bPOi_J{\WI\I\fQ}||M<\\jJ\\s\'tu#\5\Zrj\')ŧM\\6\\313driBxIRҮe~]u6\f:\({V}v\\ۗ|L\\=+#\nJ\n\m\\l\\\V5FaBJy9\vJR\toǳjd\Irx\MH\\\Z\:M&i\[|K71\0\0\0\0\0\0\0\0\0\0\0\0\0\0\0r\kF%?\\"9rV\]l\\\}3Xp\\0\\)Eq}\'\\02ۚɁ?\\Zcc?\#\\\\Ta`\0Jcm%^ԯ\\κ13t^n6\i\fr\\^<7\⷇ո^Y\\nɜ@\0\0\0\0\0\0\0\0\0\0\0\0\0-zx\}\tWZuK\\Z{ˈ\\*F=o_ujZ\ܵk-W=Y\\Z/ã5Xs\r\0G\\/R\#jO\Fj%(\}\\"u;2㌔[v\Z\\V>\.\n\N\/%\'\\\Z\0\0\0\0\0\0\0\0\0\0\0\0\0nqpy\Uy<]?I7h}\\\<\\_k·nм2\U\	K-i\rCj\\0\0㌅\\}[+1ݭ\u9\IЖbw͞?=	\oZSөvLw\Zy\W\˖/?\0a%r@\0\0\0\0\0\0\0\0\0\0\0\0?:S:\9yF߈7gk\c\\\';+\0gPt\6\z\0cg?%2v[RΒ^_<n\g.\0\0hȴ\;	z(9T#Wg[\UY\5:\\\rF\NQVm\=WWS%\\x\fĝ\\0\0\0\0\0\0\0\0\0\0\0\0\0*9A\\X܊G&|\_5{ԍmXu34\\\\\GP\\qV<Ҏm֊\d)\\\=G&]Ţ:(1{.8\\4\EjղG\'[\KL\13>!zlA\\Zcc?\#\\II\0\0\0j6<F͔3F+<!ҩeݮ+\vĤ\[MI&\I֙m\5:\0\0\0\0\0\0\0\0\0\0\0\0\0\0eyoW,\\J5H/hu=2\!Td빵э5\Zz\^e}uu1\<\Y ѫ\\iw->\8\b7\0\J\ܮDwO*K\j?\\gHm\V;,)lWV\R\۸ٿ3]b#iiFQZ$!\a\|^zY;~\\\9\i\\r\\])\0\0\0\0\0\0\0\0\0\0\0\0\0~sjeT/,9;^Lu0\\\	K-\@ڱc\]\'<\\ž姞\,Z\^򱡰\i(-_\4\Ecɣg3뛿\p\fF)+%eԷE\0\0^E?I>\qwsG\\Zw$\0\0\0\0\0\0\0\0\0\0\0\0\0s\\9;\\0՟\E8rvkH\.\͊byik=<\\_RW\鿓_W[\|<Mw蚱\\Cچˣf\z75kϔ\\0\0>\\r$\\J\\13\&ݕ).٬\m\\\lC-\\'\\b\#\9m	\\\0\0\0\0\0\0\0\0\0\0\0\0\0:_\0c\0o\\g&\n>J\d+;n\!O>I\,%\d\ۻN\W\Vonf9af\\)J\$䕒F\\ʦ*wԊ\p\)i\\\W~\\0\|#\nÄ$\3o4y\\W{oo4yy\z\\K݊\\\\nB=LeYo?\\\+\\ˎӅXo\I\(zw\O\0\%\0\0\0\0\0\0\0\0\0\0\0\0\0\0\0\\\>\ \\\_\}Tk\\2\.xk%t\\(t\NK̺ⷵ\֦qG-\0\0\0\0%\\Pa\FЫ\W~_۫\<\0\0\0\0\0\0\0\0\0\0\0\0\0\0sxs\ \\\^\Fz\]k\wKn9ӄ\~Wh#zǉW\q9\9\tRa5)\]J1\\0\0\0킫9ڔ\d\f;\^lvK^ \0\0\0\0\0\0\0\0\0\0\0\0\0\0\?_Aÿ\v\0Շ v\0\0\0\0\0\0$\auV\\S/8]\9o1h\0\0\0\0\0\0\0\0\0\0\0\0\0\0\\\\?_\oA\v\0}Xh\0\0\0\0\0\0\խ,\rꊽ\\YD\f2\s^t\\r:XzT\\hR	e\x\\%ơ㸋\mj\(@\0\0\0\0\0\0\0\0\0\0\0\0\0[w`P\E*\i\\Z\hѭ\\qy8y\<C\\UD$*q~q\j%e^Cc\\\\_ƿ\n\5n{\\\.HmZ^)Qd\\\4/\\\\0\K\\\\\\r\0\\HmZ^5)Pvk>\G\\'$S\>=\\\\³I^\Z<\\.7\T\NOQ(m\8cf~P\q\bd)\K\&\h\e^o\O\0q\F*q6\ՍQc*dN\"u_\\\\,!Ga$ҍk\\;z\0\0\0\0\0\0\0\0\0\0\0\0\0\0\0\0\0\0\0\0\0\0\0\0\0\0\0\0\0\0\0\0\0\0\0\0\0\0\0\0\0\0\0\0\0\0\0\0\0\0\0\0\0\0\0\0\0\0\0\0\0\0\0\0\0\0\0\0\0\0\0\0\0\0\0\0\0\0\0\0\0\0\0\'),(19,'root@sunilos.com','2024-10-01 01:58:47.940000','root@sunilos.com','2024-10-01 01:58:47.940000',0,'root','Profile picture',NULL,'images (4).jpeg','/User/profilePic/74',NULL,'image/jpeg',74,_binary '\\\0JFIF\0\0\0\0\0\0\\0\0	( \Z&!1!%)+...383,7(-.+\n\n\n\r-  --------5-+------+-----------------/+-------------\0\0\\0\\0\\0\0\0\0\0\0\0\0\0\0\0\0\0\\0K\0\0\0\0\0\0\0!1QAaq\"#23BCTr\R\\\%Sbct\\$s\\0\0\0\0\0\0\0\0\0\0\0\0\0\0\\0)\0\0\0\0\0\0!12AQ\"3aqB\#\\0\0\0?\0\ \0\0\0\0\0\0\0\0\0\0\0\0\0\0\0\0\0\0\0\0\0\0\0\0\0\0\0\0\0\0\0\0\0\0\0\0\0\0\0\0\0\0\0\0\0\0\0\0\0\0\0\0\0\0\0\0\0\0\0\0\0\0\0\0\0\0\0\0\0\0\0\0\0\0\0\0\0\0\0\0\0\0\0\0\0\0\0\0\nƘ\OCVT\\3p\)Iku/\\Rmv[6YJ-.4\cǙ\}d\0(\\z<\$J3OQ\~U\<T\\q\)c^*6Y嘓\0\0\0\0\0\0\0\0\0\0\0\0\0\0\0\0\0\0\0\"\&bm\Iog-\ا\r\oYR,\.]\\a\\\\Wm\[\\\\\Z\0e)\N2]k\]q\\wY\I\QSi)&\4k.ޚ~\\\\\l\\t-@\0\0\0\0\0\0\0\0\0\0\0\0\0\0\0\0\0\0\0Wir\mRj/\\\e5o%\0\0\y9\\/XS\;JrgJ\ުu\ZR\\ئ?-\-|U|uM\2\0\0\0\0\0\0\0\0\0\0\0\0\0\0\0\0\0\0\0\n-m\ԗ\IIoڌp\[\uoBu%K<-\\Z\n\Cש7\W\Ji\\\\\)ǕH܆ի\'\\|\\'8\G\'CZ\\\'W\1Y}ųޣ\RPtj\t\\\\\'\1~5\g*\N;\0eEO\\|xܳ-\\m\\1>\0\0\0\0\0\0\0\0\0\0\0\0\0\0\0\0\0\01\\U!(KtӋ\k2˥C\z*粬uWk\\\\֏?t\qZse\!*]\\0)\	Ju2\s\1\\Q-N\ݦێ\\w\= /\'|\eV\VҶFXG蛊\\Yc&8ݲr.\2׾f[=x+\\k\-&\\0\0\0\0\0\0\0\0\0\0\0\0\0\0\0\0\0\0\0\0\};U)KRV\e\Mpmn}~n8:{_\rYՎİ	cj#<wM\:sفw\\+-#˗nREF)F+rK	#DxQ\\\\0\0\0\0\0\0\0\0\0\0\0\0\0\0\0\0\0\0\0\0\0үLϟ\c\ᰍ>F	n\v[^Ӛ6ٶ_wWl\0\0\0\0\0\0\0\0\0\0\0\0\0\0\0\0\0\0\0\0\0\0Ѫٟ.v=׽;\\\W\g\\S+:\\3\"uoztH\\\0\0\0\0\0 }\0\0\0\0\0\0\0\0\0\0\0\0\0\G))\.n.E\4\֗R\\	\\r\\G4\֒c\nc\Z1s\'\/ʯ\ǺM㌛\yg\\Z\U\'ms\Z\\<\^\\9&L\)Ԩ\%7+\Mך:fd(\F\\\"FE%\\E6Yڧ.\à\0\0\0־F:ӖxI&\)=ъ[\\d򳏋.Kb3@׺\nrSuj\̷({HarGÇ8\\\p\0\0\0\0\0\0\0\0\0\0\0#Fc\\\0+ywU\ykm\G>4\\nW:K\+-\T\\\vi4\02\\\Į\Oe9omגSi4y$\=ԩK+s\\	\\K-\nqR\\00b˪]tQ7\\;\V\3Ӧ[2+m_JЄ\YSRMkJNQM8%<l\9c\2\7/n\Q8j\g\Y\5\VY\\\u\0\0\0\0\0\0\0\0\0\0@\VZQ\Z\nnyIG\8\\a<x\HܤhU\\'\'\6\$\Qn\\\\G6m?6I\\r\j֩Q]y\0I\\^I\"\0\0\0\0z\VZtvKs㹵yw\tʹ\o	v\\\"MDޫ8\FJ2i\ɭe\\\N\\\n\=\rj$G5\rZe\'\\\b\G5v\\\?&\&\\X(\0\0\0\0\0\0\0\0\0\09\8\'+[ij\ǻՎg\\\;6}\eۓ\\\O\6LU](nXC6U:7\R\'+\[}KW>G\^O\Gj\u\0\0\0\0	\\^niղ\\~(fc\\\\\UO̋W+]UwIΌeNלs8\P\6\M\۳\Ǐ>sWsܾo=H\9Jm/}<9K\va\.i\"\0\0\0\0\0\0\0\0\0,ⰴE~\On8$v\庎96\nRm\\mɭR\\\6\KO\D5s$?\.\"_G,.-,#\ϣ\Z4Db~6!\0\0\0\0b\5sF9O\\\\ݲw^LV\ɦŴ\\<\>Y5𲲓\ԞR,Cw\\\0\0\0\0\0\0\0\0\0\0ƹ\\\\\O\햢۱\xs~Ey^\j+7\T\\YsK+/}^\ZD\0\0\0\0\0\0	O:8ߵ\"q\ܞ8e%8\f^w\\\9q\,.>Y\˛6ٞ%\s\^wᜱ\0\0\0\0\0\0\0\0\0\0\0jik\moZ\J~[K\\ɻ+\J)<\M\Mɼ\lTtnhij\[$s\ywv)\{g\0\?3\!\0\0\0\0\0	]\\<ƯO\\kĳ\\7ⰰhJN\0\0\0\0\0\0\0\0\0\0y\\֩}U\,⟩8\Xk9jզN\I	\ߙ\6\o\c\\C\`\0\0\0\0\0Z+tב\y\\+xƽ\;sw\߆\r\0\0\0\0\0\0\0\0\0\0\0\\\\g.A/\~P\\K\\07\0Ck\ϸ\'\'OY\0\0\0\0\^FY\^\o$d^ާ$\E6\p\0\0\0\0\0\0\0\0\0\0\09o<_i\0ڇ\_\⡛{s;S|a\y9yys\\'OeB\0\0\0\0\0\+їz0zti\R)cka\Y_Z\0\0\0\0\0\0\0\0\0\0\0\0\\[쳩ԝh>%d_\|\3sR\08\\zֶ\*_aV~\ۏk߃w\O\"<ʆ=V\0\0\0\07=\2%J\0\0\0\0\0\0\0\0\0\0\0\0\0pc\uVgGb\z\K\\\g5\0\-,\Z?\i\"\\ׇ7o~^4K\"<ʆ=V08\0\0\0\0z\O\/$e\qJ,\0\0\0\0\0\0\0\0\0\0\0\0\0>4\\%cUԧ\\~[z)?\\a>\iU,p;G\"k\Z\y\\\팼\q^Qs5\-&8\f{\\r\r\\\0΍\g\\'A\\ֿ\RcOsmk\Z??4:^:66\0#\i\K\\B\\~æs_R\\\鬑\.\\0\K\t\ZjJu\W\EFZф؛ى\"\\W\&\T\0\0\0\0\0\0\0\0\0\0\0\0\0z1\J2Xd\)\Z_;jʅI۷\Z\i.\׉t\\[۵\\GنKO:nN\\ZҡRQ\fPΫ֜5\va\:Ƈ\v\\\\/q\\pS8\0\0\0\0\0\ÿ\\\0\~\\\0\0\0\0\0\0\0\0\0\0\0\0\0\0\0\0ifLϕ\]\Ry\O?\wOOkT\0\0\0\0;0:\\G$t)\0\0\0\0\0\0\0\0\0\0\0\0\0\0\0\0-\(\3/Vyʥ/WF_R28\Ok\0\0\0\0\0va\\n$rKN\"\0\0\0\0\0\0\0\0\0\'),(20,'root@sunilos.com','2024-10-01 01:59:13.171000','root@sunilos.com','2024-10-01 01:59:13.171000',0,'root','Profile picture',NULL,'download (2).png','/User/profilePic/78',NULL,'image/png',78,_binary 'PNG\r\n\Z\n\0\0\0\rIHDR\0\0\0\\0\0\0\\0\0\0	m\"H\0\0\nPLTE\0\0\0C\\\\\\\\\\\\\\\\\\\\\\\\\\\簾zzz\\\\\\aaa{{{nnn\\텅VVV???HHHjjj***\0\0\'\'\'OOO[[[\\\\888\0\0\n\\\0qme\\ʱ\\$\0\0\\s\0\0\Ƚ/K=\0\0\\\'L%D\0\05\0\0թ Żw@=6{sj\\\Z\\Ŀ\ν\ͽ($ UNHX\'\\O\0\0\$l$2,W\0zun!o9BS+*$ǋ\y^e:!$fKI\|m}ߊN89@,kS\"ctbN()tT$ѫ95*46$!\7WT< 5m.@ug)>871\"t(m,C\"\'XL\\'A\:(\0*1AFC	+JH/5Gi4\"|\0\"*18,\0rX\r\-}/<FMXմM@I:\0LΘ\ZZZ/,>\"%\\0\0ZIDATx\]_׵\6B\hC;\hCBI\n\mlv\8u6I\y/\r$^)u_\&\R|\\G3#قѮ\9l\+8\1qc\\8\f\rt\?+\GX-\\\.\\.P\ќ\n\qw\b\Z\\\Z\@%lMI)UK\TT\nx$C鎈\';jI\'\"76A(\f c{~#G\\E\n(\c4\\r\\hYTwNf=\n@Hs\FA򋱐^*\Z\y@\\\B:\\\Z\>@\$\K\\:GT\\/R9\\MH\d.CwF\@x;\{F{]q\$K\n\4SaI\\D)ɵ%\0?3\~\Ol\h3D(;\\3)ܨqxA:\Qwš\'\]0\h~vAYi4\<6-m\Sr\otܻ#\A\\\I::\x>\n\Q\kBvo\a\iOw>,0\%\;\S/\м\"4v 	\kiE\Q?h\j\\Me*Ym\K\!!~#uRu[3\\ZEJs\?\]{\%{\W=,O[\"/c̯Yw<*~+\zn%\0z\U \0\w\	$\fS^?\%e\ႏw\\ fˊپ՘aá\6\"nt\nO\'C^\ZG\a)p\\.O\5e5^\|dm}|\#&}À`Η\1u޻[X\d(|q[&	\s0-Cn\A8\t\\nu6#\\0H\'\*~p\\1@^u326WgG\G\\\\ƪ,c+Հ\\0Rk\~\\W\]zI\\(Ú\9@:\$$Q\	۳(aer$~ȊFO\\==V(Aؿȴazmc?YhNu\p#H\\t2R970g\r\أz0T3\ c\fFtR!\ZK\nʄzAC\t\\MD\\'c-\\]e8b\"\\EN\\Ւz\AQ9Rʐa\@gQ?BX\Z\ԹZm\<|bhadj\a\Mwn\ȗT\q{\\\:D\\[\[(\\lS1`\\\kfs&\\\nv>\\Uw\XG\\\ׂkTcxy\楙G\\t6\I\2Av,:\;;Y>\\0\՗\\"H{~THGZ\a M?\Ԍɧ$\\"H\IK@<\\^÷S㺐1nXC\rsqh1+\2dG\򫛙\\r\\dq@FEɰYΐ\&CW\TZa\t\h\\r6j\ry\\\\ANOκ{\<^a#\ˏ[o\oc\0zV\lS$\\9z5N\w)\J\\i:\\j9P9NR\Fdhn\#,ѿ7f\\\0a\\l]a\e\\\\Ԃi\\зw+Tڠ\y ?GZ\9:\_\\\_WM\"J\\\E\P#\!#Hm\\E\\)%#hL\\l\3\0i\y\Ȑǰ(5CL\\Ü\\\\nI\{\\)\k|\=8tK\"%yKJu\\UA>FfKY\ғoLo\,\\\\	8ǶLaȐ1*\@S\BՑ=򅍸Ԛ Na+\f3P\B\$2uӺ\\r7\\9l>\x\sg\'?\Ƅk\˴1sAjy\\\80\{ǌZNK\Wa\Eޣt\\\<,vw\0j\B@*|\pt\T\o\'\\U.>4*14[\\&tYf\\M.Py\\by[\dk\c\\iT4qj\\6vCa]K\}AZ\چ\r\\\rWЀ\\n\\Y>b\\Shu7+\*=\7h.r\\$$\"ADV\I;\\$eXA\ry\QU<qMffSGW[6\'UU \.N@\'\\96\fv!\\;3+\0Jy͏\(fmj_1\ylDn	P\(D%\1\ruDӺK!D<B\\\Z\vuΛFJO\\\\ZJ\/\\H6Cl\\m\"C1\Okҡװw#\"Aau\/<ۏ\e	\"0t\̽sQ\^j)T;a8l,3>2r\˅˲癷\f\ϡW\,#Q%\C\TsIft.,1CvDa\\r2\9 \fy\2$r\QH\0˚Q܍0\\F\,\0\i5C\Tl\<͝m\\\:;G\\evl$-e\>\\^Ȑ\y\<2;\\14\Ĺ1vP\\e%#p\<\df\ns,{/pt2gOҝQ\/\n(\{k\\\мrϞЂ^d;j\\V\9/\tG\\D5f? 8\p-!52\&Fby\[fP\\\%g\<C\\,w\\n_V\M\lI:\@8q\Ċ\$7\-¨2\65)*\n\T?\DC\M>D[3\\\\FV\\04sWF;Q\\5\t\\\W\w	\c\],kM%\%\\\Z \\̗~>̢UH\7LLBT\H5K_B\\\\\1!\՞\'s\R3{\\,װY7Ҟ_Tp(\͆5(.\OLt	̢H\\\d\Xq>ʎ\\v0\\\o\\6J\T\\"4]2򄤄#;\0\[\r	\\y\r̍iy\"\M\gVO\\\d932r\O@\4m8\ZO.E(\\TSnVDT.D\C6	i\9?0~7Oo`N\\'\\s(\Ae\f1\,NFRqq\'\\\s6\Zx\ƍw\ng\Rffxg\4_ˣ\\\mz\r@\ڮ.?=\'rO>)\Sb\x\)56\\n\kg}H\ka\\\?\z5Eo}\rz2ݒz(\n^\nƻ\|xFY\tl\\ȏ0,\نJR\M\\M}Q\	gRA\>JH\\!\rb5,o{g\0܎\;\\<|\\a,3Ԭp$\\\h&\\n>\rsv\K\\A$}\@|x\'eԭ`\+\-7o>*\Z5jZ~W,i\2\LWoA\\\wn`܄Ṹťï\\vT9mV\\\ܲ\ތ|\o}k\\r\t2\\\@D{\\Gz\ϊyTgn}~\\\\ \\\1\zi O:HR\\0c읷>䓏\\O{\\\3`vM\\ZA\OZ4?\\p8ݮ״L\G\\"\n+sQt\ \7PW៷~[\0\\Mr\\9\nI9A՝ȤdU\r):\ͿQIy\\f%%Y\3}mS4惫xیT A\}\\{\+[\$\ƥFqxN֫>\1>\\}\\\\~%v#R\0\\g\JQB`\\6\nm\)g#s\#,/0\?\;`ƌ\\F\@֘\\\nRl\BI&m\rZ|#YRJ\mL\r\\a0Ǝ\7G\\\\őߡa:\0<դW$+Ezc:8\\!zGjA\\\\F\rccc\yY\7\k\r\d\;)9\0Ux\.:IQ<CUvW\h?\}07ϓRݷ]=\\\T~\5\>m\E\ź;\G~tj\\-\n6LA\ZR\\\BRO~\ˠ\$p\A$G\\5\覺\\(Y;\0p\mխj[,$\\\\l)\QU5ﯩV\8He{\\Oڝ\!	iw\)jq\>[hJ\\(n(\_B:6\b\"hp\R\\RP\>\"wCR/HsHℴ|A=\*G\"\,\\h\Q02ړ\\YA]\0R>+oqi\\|C\.0\nP\\A\\AG\H\'DhU_0V\Z~D+\G˃\bրvp\\x\g&?H\'S@\\\\wk|_\6\}\\ζM(=#\DW\\O9MDdه/\\$\\ꊱX~\F,]D\'Y\3{t.\wS3\'cs`\HW\\:Ȏ:5))\e2AY\D+P\"o?\J\{.Z\]%48d\~\\\'& \\">=݊0nۄS&xc\s2O\'^Z\s{+CU\\\\f:\q$X\a݁R8\\09\\a>AҤ%Տ|\*`b	8$\N)\\rUC\T*\\\\8\BFU/!Fk\xMhxU\\\3 \\TR}RiW2`X\~?nszW#s>\@CkϹؘlcb\:.\S)JaI\յ\\Oo6\yS)nI_XJ\C֋\CMur\\>\\Ui\;\)T{*W]X\\(d]4*ۺx&S;&i*Kʫzih\\n(NNlo$\rNte3+V~zw)\}-_(V8)87Q:b |\qwj=F4\\"T\aeub\\a\r\YbK$̠P\m)MF\U;]t\%$\ZiП\\K&8\G \\"yW\\>\!\\\\ۅE\J\r%P坝2\Y\00bXA\rw\{@dׂDOZ\6EHNٍ@<{7uq{MT}>UB\\0(<Z/!\-\QP\I=4GDzu\\0\'>jW\\\p\avaekm {z2B[ЫeP\+\]b=\0\Іog\O^3f9bz~2\\+@\n	o\r\7L\}\(\xMOȦ߄!\\\S\^\O/\ۜ͊q<׋[\S+\1\\yGLD1ϊ39\\ƌth\z{\\'[\'B>r,?+n0\։K)\^[sM\\na-WZYӓrѱaff\\4\\\\\cB\\<\PIBٌNbe\C\o>մof\BY)p~flUE\(\r˲~LC\΀\{5+\\\\w`OЧwGqbC\n\n\biG/\/\-JRnSqTW33\\L<\0q<w\pr[\n\\\'B]\\"\n\e-Wf\"\gf\\%Ab/\\=;O$\\H\\\Jꇚ\<EyVj\\4\c\	\oy\YJhO\JQK1QhOB8g`\\{\r|_\?^bKy-\0\\I,\>y^\\<\NK8OluM\!|\ʠA&A\d=\љ>\3u\!<\\F~}\>Fv@X\s藹ވYRTw;\0\r(K\6:\dB\}B|(\J,tczS^}\\Fp\ӳ\g\lp\Ru(W^Mt\"*I!Bٞ܅2\}^`T\:v3\0zz\\@zr\0\W\ ]Ok2\@\r\ԉ\[\y\R\'zJ65\\Z\Zf\\v\S\kt\#-\´\>sA\i!2/\2\W_}\\\Z\V\\j{\0GqTab\nɤ\T+$L;R\ѡ\\a89\r\"\IO궟~Px#(/1j\W\8T\\oy܌\%\MHNư}\bUT(l\\\\y)b&[Q0W\M\!\0U;ĵ}`Y\W|\nHԓ0N5n\\<1\na`<Q\w\\fv@ʅ-L\\!nZ\70\\xKqf<\'є]\.Ү\\dB,q)DxUܞz{{zZ\\\wY\Z\t>D\\_֯Nl\"\\\_\lFK6\9Y!VV+)O\O)\\J\/\PS=\07Nd\"\\t՞l8U\&\wؒQU6e@C#\<\Ol\\̉\%p+c\ \'w\֭dç7N\\\rVj\#5;\04\\\e{\IV\=+J?\R\\ތ=zUTD\>p_aM\ѻ\@\\\%u	q\\\,o\/\LS\SC\a\}y\\\0?=.\cǉi\\%i\fC}@SZ\d\J1\0{|\\\\\YҌrFNyda\"\::\+>:0Ǔ0;*iB\1lx.\[\M<\\I\C]\\dw\0K<\Z?95\\f\D\\OK\+@\\\1T5!zٓ33饇3d/`\2M\\/W\\5~R\$6_/\\i\\Q\'X\a8T֓sJ/{\_\lϼ\0Cq\n]kKgW7+Ӕ\nV*D\,r\\=[\n\'\?$\	\\\\nY\]+k\Tt[W\ng{\7]w1\W*>Ks\\$Hص)h\\,o\\=K\rVndq	|\U\z4\\\=|ʚ|AUϾK5AM;\j\\5\#jy\R6\ܠ}OL\_<\-x\r\p֩nz1ɯ`\M\X?7nX747W\\?\`(^*\\\p*XkeM\;DjQ\NGjbQ(XS߫pmG$\󽖷@u\GSB]l)\\\C\w8!\\UGm\ZJt|W)/J\eIbe\O5{\{J\PX\\\q`KK\ \\~ܯ\&R-\j)9bre]y5PR\[Vx\[\-/ܾKiiUZ^>k)~O7{=\U\J\\\\\\7\\粖\\b\\9|-}5T_Uّ7nL}Tr{%L\\+¸1C܏\\*\w;%]\0DK,+ra\\NAh,\\0hl[\:WxK+i\"q%\7\\\K}ڇ\\rv0XiI3`\"\\\B,ˢ\\|ƽ\\\q`k\˧\O7j.,\\\N\r\_\Y~:\	48PP8\r~\'G%Rř\\SDy0j*~UxT-X\R{[C\i/ގ<X[	ry{\\{\0X\b	\\\A\e\?H6cG\[\\v}&$([ЇNS̗\n<P/K\Z\'qc\G.\jZ\6;ˉ\58Lױl\H8\Z\HP\Ə=)|e2LRO q\\Fo\n,H\"\:^I\\\B|\0\\R\'x\>O\o7ł\	¾\'i;d\s\\N\x )\\b\\G={2\N=$\x(\\^a 8\l	?I\{\j\n:\\0Ol\\\\\D\\'\\\ơ?c\\8\1q\)\B&\0\0\0\0IENDB`'),(21,'root@sunilos.com','2024-10-01 01:59:35.199000','root@sunilos.com','2024-10-01 01:59:35.199000',0,'root','Profile picture',NULL,'download (11).jpeg','/User/profilePic/72',NULL,'image/jpeg',72,_binary '\\\0JFIF\0\0\0\0\0\0\\0\0	( \Z)#1!%)+...3D?,7)..-\n\n\n\r.& %-.0-/---/5----7+----8+/-5---/----/.+--------------\0\0\0\\0\0\0\0\0\0\0\0\0\0\0\0\0\0\\0<\0\0\0\0\0\0\0!1Q\"Aaq2Br#3\Rs$\\\\\\\0\Z\0\0\0\0\0\0\0\0\0\0\0\0\0\\08\0	\0\0\0\0\0\0!12A3Qaq\"4r\\Bb#$R\\0\0\0?\0\0\0\0\0\0\0\0\0\0\0\0\0\0\0\0\0\0\0\0\0\0\0\0\0\0\0\0\0\0\0\0\0\0\0\0\0\0\0\0\0\0\0\0\0\0\0\0\0\0\0\0\0\0\0\0\0\0\0\0\0\0\0\0\0\0\0\0\0\0\0\0\0\0\0\0\0\0\0\0*K\NYe:Y\\rJOJ\LERu\Pv\މ\&\31\l6\\ՖZUԗB\'+sf&`m\0\0\0\0\0\0\0\0\0\0\0\0\0\0\0\0\0\0\0\0\0\0\0\0\0\0%\iW\0#\R9,\\1UI[/6vmfGov͝]I)TiJ\\R٤\\X\\6Lΐɻ;/\Xb(ԤzpRi87\\<[.b\i6\D\0\0\0\0\0\0\0\0\0\0\0\0\0\0\0\0\0\0\0\0\0\0\0\0\0\0\0\0Ww_	ژ\0\frc\Y%EE˿Zgk\1\wÎ׉5:\\4\VI\\\*rOGNM]-86֝,\D\eq\rד\:H\Z?-\9q[Fɻ\0\0\0\0\0\0\0\0\0\0\0\0\0\0\0\0\0\0\06*\0t\Ʈ!)Rʩ&)5\hI\{F\J\`\Iʝk_g$4ڗL\\z\\0\0\0\0zX\nRgFx\\rM(UrP̪\YIi\N\\oH96\yeV\z)ӔcA8FSj\99[DRc\L\\p[\'F\\\6勣\?muG\0\0\0\0\0\0\0\0\0\0\0\0\0\0\0\0\0\0\01\;*USZ4ۧ֭5\Ap|\8\l\"#\Yy,l\\[l\:eG\"nJz?챭\Yt\"&yC\͍&:[:jqnX\ƥ7n\\2)\\ZNLh\0\0\0\0ߍ\\c9\ucRa\J1\\i)&7\8c,Sy5saC	O\%)JwIv%-_YNk\G$Tyq:ּ1%\1@\0\0\0\0\0\0\0\0\0\0\0\0\0\0\0\05f\~\\\iť^|Q\:۩w{Mܹ\nNkç\Z\\\\'Y}\\3ur|M\..\}۵V-\є\S=eJT^\\h\V\;FZ\\˚N,tY\l\:xiV\ԣR	%iάԔr杳;-\\rJ\\rΓ\\H\+!\nuI3JnKVucM\5(\\i\y\\\;i\"uӽ4}}i\w\%UE\\cI\04\\\r/\\\\9\nR}RF\2ʱ\L`py޲|{&\@͗tã\0\0\0\0\0\0\0\0\0\0\0\0\0\0\0\0\0\"!]%\A~\\p\h藳\&gc#,\gw\^&)x[f\iӺH_-:s΅GI\t6\n6m[\\6̕\z\\[kKvv8j\\PM՜\1\\կ\\x\:%\\\^Ja\',\Va)Y+\>=^g)͸~\\"#F\PT*i(.UWvN\^ֽ\hT\ͯ\C3h$/\\GɓNP\;tE\[\\6f+	\rA]\\'ǻiN~l\y\:7 \0\0\0\0\0\0\0\0\0\0\0\0\0\0\0\0\0)\.O\E\\ZYc\T\\6TJڴZ4Լ\u8Z-C^\\.eز\םkV\3Xf8Nͨ\-SiIxs\aӔ}6\'z+\\w\:\Q6D\XW(\\4\(\\zl{W\}Qͮ=6ND\wO\|G}\"\]=,1n\\;ξ\RG\JR\OD]C\ϴ\\Zg\04HɃ<b4J\-./\b5De3\(+d]ȓJp\\.ã\0\0\0\0\0\0\0\0\0\0\0\0\0\0\0\0\0-\f a\3\\q\/\y3\(y\1l\\'&߲5\ZέLV\";\xe:%\--L\\0`z\ɓ\Z\\\r\\e_?ج˿jLiL\\=t1q׏{pmT\k\_;T\j\)\sc\ZJ1Rߝq\;El\I\\\:\ʕe/ZR&l;vΫ*ҵ\\BÛ`\rlf:xjuӊBU]\҅\_e\uM\\\\"g\\NUiua.NUr.9${\{\n\g\/\\):2\є\\0\0\0\0\0\0\0\0\0\0\0\0\0\0\0\0\\\b`?j=b_#g\)\\wC	5\\яw7\V\o\\3j~	qu\\'usnMm\{\Zu[VX\4ej\\\J\αՉZm\R{\9KVnΝR=Z]y\\\b\eܛFnv]soT\\\0=\\s˜\הxe\>\r\'N)ϔtm\rr\H$KT5P\4\0\0\0\0\0\0\0\0\0\0\0\0\0\0\0\02w7+h\}\/܇~\\f(\#\<\\\\+-O:\0\0\0	]ڍ\FMw=ܻ\\0+\|7X{U\0\0\0\}&SP\0\0\0\0\0\0\0\0\0\0\0\0\0\0ٽ\d\0\\'\Z:\VJD\"Ǳ_c\oΔN\{\Ub\-<k\Z\zbk `\0/\0\}Qy\Sg\\n\\|c\\X,,3Yy\0\0\0\0\0\0\0\0\0\0\0\0\0d\\I;+\L\Z\tnդ\콈\ޛ5b׭{q\;\8o\=\	PiBR\R-\)\\~͊qҳ\0n~\Z\	Z\ܴ\\0\0\\~%y\Sg\\n\\|c\\\B\0\0\0\00/L\0\0\0\0\0\0\0\0\0\0\0\03@8hK_.[\r鉩.\v$\\Nw\%\^YvLQmm~\|\\.\禣:Q\\#MEx&\\w:\:פWO\;v\m[L\X\01߮\}b^}\¿yuP\0\0\0\0\H\0\0\0\0\0\0\0\0\0\0\0\0,G-\\\p\TmS8S	0μ`jPIJSE\F{m&;\\V+܏kMYB\k\.PO\)~ǐC?\\?\\W[?۟Y\0\01\\0_T]\\|\\î\\%XXX\0\0\0\0\0\0\0\0\0\0\0@\0\0\0\0\7_7λL~\vƘ|eQ\0\0\0ݙ|dW;t\\\(;\\O\^|\0\0\0\0\0\0\0\0\0\0\0\0\0\0\0\0\0\0(\0\0\0\0\0\\Je*cUZ\f/YK}\g?\Dk:wnJ\.\|Q\Q~LZ:ĬIV\($f)i\5\m*1\8vk\\Z*m\	I\W$W`\C\Z\G\VRE\"\\v\n\zӱ\M\>\OY)KE\\\\0\0\0\0\0\0\0\0\0\0\0\0\0\0\0\0\0\0\0\0\0\0zR\x\\n$=£yN{\;>ͧ\)Y<5vm}J\\;\j^?\\}a\k\\\ݠnZ6l/n	\r\"ǣz,[\Ĺݽ{Ϸ_w,U\0\0\0\0\0\0\0\0\0\0\0\0\0\0\0\0\0\0\0\0\0\0\0\0Hm)S2G&~ۺ4\\.ZSE\\;Ӗ\0\0zO\ލ\GϨ-diKG\Mu;b\X\0\0\0\0\0\0\0\0\0\0\0\0\0\0\0\0\0\0\0\0\0\0\0\0OnnL1UY֩S.VX(\ \أ-\\\~\rqR)\\?F˳\\uѽ\'86\	\\5,y:iޑg\.\\\y1TI.	ݼ[\\oN\\\\\/FϷ\\n\~\OΗu}`c8I%&\-ekqd͟g\]Ps\Nh$#\0\0\0\0\0\0\0\0\0\0\0\0\0\0\0\0\0\0\0\0\0\0\0\0\0\0\0\0\0\0\0\0\0\0\0\0\0\0\0\0\0\0\0\0\'),(22,'root',NULL,'root@sunilos.com','2024-10-01 02:00:10.084000',0,NULL,'Profile picture',NULL,'images (3).jpeg','/User/profilePic/71',NULL,'image/jpeg',71,_binary '\\\0JFIF\0\0\0\0\0\0\\0\0	\Z\Z\Z(!\Z%!1\"%)+../5D3,7(-.+\n\n\n\r-% %--.//+--+555---/-----------/----------------------\0\0\\0\\"\0\\0\0\0\0\0\0\0\0\0\0\0\0\0\0\\0J\0	\0\0\0\0!1AQaq\"2#BRbr3CScs$45t\\%6\\0\Z\0\0\0\0\0\0\0\0\0\0\0\0\\0&\0\0\0\0\0\0\0\0!12AQ\"3qB\\0\0\0?\0Q|\ h.q\0\rI&_qlXM),\x\#if\,4ToF\{raqnrH$z\\\\cA-\\7A~\"\۝D4D\}\"gGs0kf\^\ekm\NĨ\Lə\\\@q\r\\Ii ^\qc\Eudp\plq\;rWz\#<.#\,\ c[\y\\'hXhsԀ\\\nD@DD1ʚ)SK!d鳇6l枅k<\x1Z~d̰+\\Ȏ:\JVk\\\E>Rʸ\ۛ=\c K\<=\[O\\앷A\\?Y\D@DDD@DDD@DDD@DDD@DD|t\Q)\"c\Z	6Λ/1%eL\rR\\5k@h^\\\NӴ\\ݱ73\\\_y\ΜF[,\sϪ\G~Nmy\\R\q?Fĩ\'\	Z\ɼ\`\"\" \"\"\" \"\"\" \"\"\" \"\"\" vMUT\Ӏe;4\\sk\-<vH\g4\\\\E\F(\"|<28\\\\\aOh⦺z\\LnsKs5\8a<>&\:\2{\1\5TIZ\?.Y\f}g\0.\7Եq*jYO;r\\b9H\\<\Z0\\=\G4Am\pr\ZNU·;\\n\J\\`\\3<9-`\ĺ6\y xv\S\+K^s\Es\\A\RV\DVtMdm\}柫se#\ª7lU46\\'e\Z\@6ЃW\-\"\\\Q\nq9f\\^z\Gza5q\\$\$ff9>\\5ԛ\\{\*ٱZjWSQ.\\yn\ól-{\r4\X\\k\\<\V=Rz	\r#Y36\mkf\*\'sƣlk\r\$,zjk5x\5 1\_3ŧ[X\ю\xJWEӐ\\\"xX8\2ЃWu9~F\k\\5s\۵\\͸69\\TI\;{\\|[CKP\\\#\\_g\^xacû&\\	\c\\OCa\rg\6\Z:F\v(1\\\e͡\majglQGh\\\4^[x}\n]m0~QW<\i\\\\B\&\\pK\MQMM\M\$\8[\0\r$u\\\z.8bd17+#kX\k@\0|Cm}2zyWp(Ր\觊\Zl.&5\\.-\[_c5Ú\N\k\e#kw#P.\	}n\RL\F\,XG?\n[\0\\j*KA!\\CFʣzϖ)h\`8;\66O\\hN)j,m5\p\\\v\P\'	\zk\Z\[1̉\u\HJn\\\\}\\\\F\˾\\_\k\r\偍\\0\r\@/P\\E\\5 \\ZL\;\n\\]\.\+C\I\[N\;>}\ET\i\̭bz\I\ϩSEuPDDD@DDD@DDD@DDD@DDEÜ\0$\0ܔqje11\U\\:q_\Og\IUgq\)Y %\\}gGͽ\A\.\f}92\\b\\H\Xi78I14X\0:_\0fM\\\\\G+kt #|1h ZY	>@|\sN\\\\\MV\\o4}b\8#a{Y>=W`|\,͵uc*7}L̗)9\ZXCClt7\Zinhras-$ubk\\r,x\\B\\\\\rv\&O\\n][QcQ^\H\U\14r\G%^\p<=n[\Ř\} _Y\\+\X\\~QnydrZ是qs}okr\Lb-1v$Q>\b2Ss-%\0M~\*X\YZ֗<\0$\\'Ly1\\\\\!s\\0nQ\ϊNrn)b%7\X\̓⤦;_\ͭ\=\.\)\f9B\\'?v\(&(1@\\\If\!\^\יYt\\ܑh\WjX\ݡYLz*acX<\\}\\\baQpv<\yyYk]\"\\mcG\0n\f~T\@\0Pޕrc.>e\!\0I\0\05$Xn-MP	)r\\u:-wa\TPTCh~[{\c	\Z(k\J\\\Z]{ց9Y\pƋͭZzGE\\i`~Ge\\\\t$G\\Zd>@\\rnC\\]Q]\^\\\\\6\-A͡$j4\썡5`U\>?*\\mKS\nR31ܼ\g\x\r\n\F?1S\\hnUͰRѭ\"큍p}+f\🆭՗EY\l1\\{\<\Q\\4\8\y\n-}3\tR{>7\*8״\\\\P\\\n.\nt\:\7\\TJ\"\"\" \"\"\" \"\"O\Y̧	\][QP\~cH\+kr\\c\=\	h?9\Ս\TlFYItӓ,;8k-\\V;r\5>\ήq\OYȋR\"\"5\n;u\r?\0b؀}U&OO$|\ւC\0Ƨ/_vZ\9\,^JB\f\>Rݼo(w\u\\,9\2hO&;1\\ٝ̎ZX\\>&\\\\T4wn\\2yfrZ\m릍+Y}T,Hױڇ4\Z(^7A>PR\~tg\ro+\'zjv%d\\\5$v@\MB\\-\4Uz5cw\\xF\\\6\bu-[Ó[R_<G\\<U2T\x/q\\A`\\>9\\%gGc\9\\AuY3@\,\0Qv.\\Za\MR\\k]\06e/$\/ӜE\\DE\"/\0\\H\0v\0nJWdx&9Ybə\A7$VS\\"F\\?d:CU%\5k\\غ/G]k\R\r]|bx|ucͧ\\\\/@\"{ \dau\QLc\ài-\F\1dDEDDD@DD7n5Y(\\#\ҏt7h\\\k}/ݐZ?K}\yZ\\J\e\"\"DD\\\\Dct, >B	\ZO=EZWes^\\\9XHsO6QgIIb-ngj;\Fd.\<\r2\+\\\3h娷$QɆ\\~n>ی\wEc*\\\P>H\y\p@\@V\r\nd\L3\z<ߦ6\\ia\\\GO;O;S\b\ծi)Yy$\Hw\g<\\:\{fA\ӛ$a}\	EV\K!F\\\\7㑱m\\P\\Pa2L|mqpĀn	:rd\ʯXOfx-E=AiI<=\ ˰\'6^z\\\a\jg\Q\KgÚcmv#\v:\r1\dkG3 h9m\QV\Ijǆ`n.9\X8`96|4p\cR.A\˕\\\Z\\\"$c``\"\\_,x Ab\r\\DjZ\C\d)O\pI\0\zy\){\YYmr6\[ޮ~\0\}+&\tM=^ё\04\Uu}VqN\\"\"DDD@Z\%\E%$N\oxH(z٪Ƿz\\a\>\\\8Dl@8Nv\\yA>\-\\\0\06\Z%\٥|k3؋P\qq{E\c>]I\5\^\'>Q<TSԖ\g\\0A9ys5\]bS\\ERU{0\`Cȵ6\R%\h<YX\5\|n\\Bzeӆx\͊~H\rmָ>%Z~r,2\C\\\\u-L[\0~\=8N\\;\\"0\\\\\cM,s\N݈H 6Dca@\r\kuڗJ옝#sMN\$\Hm\=@\n;Vx\,~ˇ`9~\\\5\a\0o%\\A\ ?\\\\\Z\!\'^q#v\\Tj\\DԵh\O\EY=\62I+a-@\\0\\n.JL3ޗb\",Q<_]\\\\0@\t\\r̄r%\?d+v\\OVcn\{=\\jw6$&q\\\\n}\>\S\\0\<Q\\":JA\7y<XԤ%jx\K#[\4gou\\\V	_\\z\緹\\DE+S\-<b073\Kp\\y+Š\\C\mp\\\*\j\!\a\r\Jg~IC柇\Z,\or~[\\\W(	ڕ\5std\\\\M\\0*v\rԵgS\r\Z\-\ʦʫ\X-CT\[C/1\4\<.>n*\\0j}4\\\A\\lA\r\+yC\\\qz\W<a֧OV-<3P\;7-\	yIç8\\-W\FH?(2f[j_<0-I\̭Yjh\\Z\n\^\-\Z~!\+zYY&ۘ7\\\u]5\X\\\-]s%|0Vu;^ԕ\r\{Cz~v\'b>;2{\ruM\\.ܔqxhA$\0@I\\q\\ZѴi/%\vc\`6\G<]\b\\\\>\\}\"4\$oUM.M\t>WV׊\09ciujc\䤗\\4E\\rkh!sY+\\\\m:a\W\]L\#O*!8\,&\\g&\[%nh[\!p&F\mNg\Mt.а\MU>}H\\rl{|\0r\,k\-)gi1E\M;dcdn\hp\"\v;B\"\"8\"\"\" 譣f\hsO^^ >+w\V<\a.\8r6\qVj\IJb[QNs\Ṷ=9\̪?\ӯieE\!:\{I\0~ \nW\Ljt։\;\)#v\X\hfc\\\\TV\6\'\qUfcvdn`C\F6\\F-/.!wP\[|7Gk\Z\rc\}Jb\\rhh٠\_K\q3KMU0ڦ0s4~\M\w\WE3s\xn<\552G\eڳ\!\"k\\_uW\`\YPx%_c43\͛=;\\&?}\+df\);z̏\0+\M\^u\r_\J.M`[\wp˚x\\-\2\e\)\+\VT\/\\`=\\SO-ϥuխWe.Z\n\\	Y\6\,t0T\IW\\\kn\i\r\kez(G\b\Q)\0\\X\\ɿ.*kzk \)ꥯk7$0]n\\9jx\ϩ,WWf\q7tt-F*\BO\\n-UA*7:0\6O5] \\\VJ\E \\,G_r\k\ρ\v,gD!\\o\\j|\\\\\0Y舲\BK٥4\3\;\*7\\ɻT\\k;-X[OD\0Gġ{e2Q{ffrD(\\繇\\o;^\\\\\rc\'7\Ɗ\,\e\\as\/\\\gx֞}\U,h\A\\\L* p.왎i]{z\QU2\'4:\z,\xtp\EpAh7k\q\{+\Z0#w\4\3cq\\\u:r\n^N\t\\\\9?DA_=QM\0\0\**>RO\nU\0\\\%r/x~O9+5P\\c.DZ|\eDZ\" \"\"\" \"\"\0Q2\?l?W\\0\򇠊\"/Ȉ~\\R3=K!\/\U?\\ٿ\/UQjr?T1DDP=\'),(26,'root@sunilos.com','2024-10-03 11:28:17.467000','root@sunilos.com','2024-10-03 11:28:17.467000',0,'root','Profile picture',NULL,'images (1).png','/User/profilePic/87',NULL,'image/png',87,_binary 'PNG\r\n\Z\n\0\0\0\rIHDR\0\0\0\\0\0\0\0\0\0Vl\0\0\PLTEе333\n\n\n]\CCC\0\0\0\t\555Ҹ}????:::\\\!!!\\\&&&---\q$$$\\030/׻O\3)&\f]<\\\\˭mĢ\\\3+)\d.\0\0\o\\0\\z3% aI<cccK\WWW_G(\0\0\\qqq2Zc13FLC4,iG\lFX7&lT!\0\0.\0\\\dݨ_صW33RZ2|2ky22]J\~UgBT@6wXGm4\0\05\0jO\\ӣcȕ|\LЗyϾ\0tk\\\\\\vΠ\uT]GT@M&\0\0|xcH&~w;W6%\\\\\\xmX-\sR:w۠_Зʥn\\~\\t߾qn\\h\\S\H5le\\O;̨\߀pE\\7S\\!\<X\\um\\\CZ5x\0\0 \0IDATx՝CW!yy@ !Q$Z($).R,mo\\붺\{ow\bkۿ~\1sf2E2~\yΜ\!i.>\\钜\ec\\\cu\\\rdHZ%\>|^Po}(\#\0~B)*\&\0\r(ao\ԕ\\/^<9~e\\%\h\IF!\o\&/\nb\Z\0gS4O\r\\9\EUuZK\'`e0HRgW\;vXQ\\\\bwpZ!6Gy\\0C>\\\\\]\	.6>\\+~\$\\\e\cc\:CL.\T:\2}\B=m2f\\03;P}\\\\FM&\c81\\ch_\\08z+\tzu(M]0\t\AƆЛ>\rq UxdcӍ\\Bv#\"Dn%rD\]D\\@DF#+\ C\x\Ua>Â\\nU9\oEϪ9\SodDu\\ՙw_?\nq\2X\\S\\;\|\[D\"$J\"x{\\\ J0\\\[\)\e]r)@Ǚۨt^\w@8Qʌ\\"wA=<_\\ASXTS\b\9\'/,B:Phqa\\Z\&4B,!r8C(@\P(aO0ӏ\UnrN^jA1S\Zx%Y,{##WgPHXL\f)&2)9%6\#}1pĂA&\P8}Q\mz\ \@\\rAu$m\\\\s@J(4?\\	\)>	2U߭/Usi`L`\nX`\]	臷\\rH\!J\!f\НH}j7?\05J\\\\(eg-jS{\nrx~\z=_An\_`\12\:*	\\y\2\'\\\G\/I=\\	\U9\;*ج\JA	%fF,gu\{8\.\\UNqnA!q{A&SHvc\unFW-C\,A\dK9z~JR[O\\w[c\n̜F5FZr\"撺?M/3\H=e#3C23\=z \\\J\}\n,p@z\\}܈\\/s%\g\VqZ3u;ćd4\$\0\Qap3p#pdU!s\s\\-ârXoT>$P\!ba\0q\n\\\eE\0j1dO\M\\[\8\\7h(87]\j0lou2-e`SvLԥ|c\\,\:$\?v\\"l\"ޫ7u(8%\\\\\\'n0P3\W\ݷ4\=R\\1@\tN&a\Vi(	Ec\\dv$\rsvb[\8hxtJ\i\\3\nhTw5\ZO4>ժ.pNYjHsi\pR;\8\B\\\JT\)BP\uȅx\nRJ$g)w\[\SnTK%?\h\0DĞlpR=\\:\\\r\I&\\){GZ*>l$B\'$_X\\dZ<\n,\\fn\%f\(\J4$\\\'D\\)\%˹Y4_\\ԏ\r\\CĐ\ \zi\'\\3<L\\*U\,~j`\|\nr\r!G\4A ef4Ո&-\ӭ.\'s=Hx/N\*5Е\,\P4\\D*ĽE\\Yt\AfZEA]\\	)r1|`W~YCH\j%ū\\G\y\݊۹\0P4[\\!\nF?\\(bn\r\rح+ُUIr\"tK\V\\}`\\\u4\.y\rR%+U<n\gN\̓\kP\bĕ\\+ebd11R81\0eY\|\>câb\~\Zr\j3\Ut,]\\j(w+M,h=-	p=Y\,\*M\|^Vg\.\Z\e\\xqI\\o\\Y\՘\\\\\ȭ4*,⺕\)M]\Z \B\Ŕ\\V\_uZ\Jj\I\YT\OԴ\h0WT+z\rRءCj\\lH\\0X\SR7d\\\p+xǰZx\u\\< \j(\\\\>\\p\r}\GBC \IH1|fVIcRR\@<B\R\"ERN\Ah\P N0ʁ_ή`X\j\ej\!{\b\\\\\K~\\G<jY\fA3\\ wط\\TI8\I\T14W\m\\\1\Vv\Ģͣj\\\\qQ\K\nb\U\\\E\\\ׁZ)~ɩ\2\*\!\ZO5q7_\r\c?OՅ\)+Uyd`W\'s\#D\0&1\mǩŀ$աȅ.<YW\\a\p!ۀ\s<esǐ,\\\V1_[ֽh\SC\\\Zh\AŰ%d\\t:\ݠ=~踋<\Q\n17w\n\\8TϦaݣO5\) MH\"Fk\0M\ʴ\(\'V3A\Z\0\u\\W\|\f%\Az\\\\j\n8V1پT\\a˕K\\Hh\>\nky¥eQѽ\g\D\\'\xpDO\0ǘ(H\\,.mm\n]dXX\\FO%=ه\%%KCJZ\I&!\\'\\\T|\O\\\C\!\zmb\\W$tT*!%B~\\SBDҲ+?[\qO\>\n\%r@\ڪ\\$\0\N\\\%@}YL\#H\Z*b\\ \S\\ŭb?ݍLP84/x\s*\8`M1.H=b4>u\J.\ Pvb\c9\"\2[((z6R`+N\_\<\z\\0ǔ\2^R3\q\<i\"\\5l&?\\qXB\҄H.|d42ǘ\\I\\r\Aj\r2Ml\0AP9\~\NL\\i4NWQBB4\\VBQgNɘ\",IbG.\\3?<\Y0C 0P1O3ѢDR@\!\JJ*(\,șS5VSB\GG\r+P\:\J\0\r\ I!9;&A2o!\aV8\\!\r\!HuXF_b\(*	x\8\l<+\"z#+/˪IV^\l(?!\_\1A`u	$Q\0\(a_U`F;ƉO\\ꀐ㬞#_ęR$A!A( \\\0is\]*a4{\"m45Ne\\"c\\Z\vpá!($̓qnW4G{3`\X\"\ۧ${Ym!!(ȷWdv\Z.t\ep\	NQBJh8iĩ\1!O\\\Z\"~8@$\$҄T\Z	:|e>]\(\\.\4\4\"әw\\bz\0s.W$>^[c:z\qX\q-\r1|A\l\\'\\>}z8q9\n>\\$SiCmR!\qMn[w*E\nI\`l\\O>\>}\\!d(I\\\X˂cYE}>\S҉\Jq7{wJ	.\{\\\\\$!\;è\Zm\nTj:\r\;?\\\c=epS\49@\\rRikY\xv4.`dBZ\.^`dH,~\G Y\t0 F\\)E\\z\j\zA,2I\\(xw,Uz\\r\J\0\\'DƫZ\\&\nh\l\\\)&nI\\r>	hq8 AdYxg\߭UAW$\EI)䗵\zNV\0FJB9*o!MDKB[5$`h?$yV\OBɫ`\0!~?\"\\S9\\\1@q\\ŭ\8\`\r!?]Zt\\Z:(i95\k0$\'΋\"HUؕ\\(Q+sEn\߾V_јv>bR\n$\\\cj|\Lb\\\S_7+~B#`\u\\\ WIY 	\(Jn+\]Q3EcqލC:Ǐ\"Ll77C\"\\Na\ 84y%	F\s?W\0\oLjD#۩<\ro2\'d\nu)LU\\}1F\\{\PIb\\J^eW\\9rW\Ļ\'J>)b\{]Daqc|A=\\j\\\*\c2UW\}^AciAz$tm\tm6Oz\q󶮲@\0\\\">E|IY6CCi\>\E\n1y\A1WT\T4O_\)95\:m:E\"	\\H\4\c\\*y\{\~b\U1emRV(ޘsD\;n\Lb<X|\nǮ,\O(\I\	[\\\0/?%wI7n܈Gf7HeVh\<ʑ\R퇁\\E\0h;2/\>&*C\\qZ@\'7\\"\<f0\f\H2H[AV\'\(h\\KI舱ؘW#0\r\z\3R(-\)hԵK)1\"\\'G#x7J&/\Z\\؞\f)L3c$絉bq9 B\$0<5xU-N#&\l\|\n\xX\YīL\n46]\6\ԯ\Xq!!*p\"\]n)r\4Ʉ&S\ixYcTC&enɦ+yZ)\P\N\\]́\H^Ө0qfں,D>(yy\;\.\3LP8\Y͉\\\B!E6\r\æ]W\nt\+\\\\\"\\5i$g;\@r\.PW\Bv\K\\!\GK1.Uߒ.$u/\M\']\Ati\<Z\/\\\rQ}\"<\֑H^}eGsi)\g\Ce\y\\s`K&uh\\XI\\ve\^2\Fw?o\r\;v\\\\\VIudQN\;_2(8AB߹0Vaߧwj\\\ݶf܊PDJ׌\n_]\\A%\VCбy$\\`\\ﳤ\\$\\|\=0Ey\ 1}y\Zw^\\K(Gz;h\'x`\0ޯNX	\\\v\/O@)\nb\%<06~\F\(?`\\'\W>F7VoabA睿a\\0LC\x2\\P{`h\	P?h8\\l=8\]q艨#A!*٦\Z\v\\\y˿<}NI\\ eV/X\R\j\\\Xc\_Boq%K\(\S|yiv,\\+a\Њ\wIXDdMD[\"1(}\,M\\".\lgkO9+:\?p9aPzp4\cOp \\B\\#}#\6]soޱ7c\ho%\\q[%\Z\[c\n\Q\_οSb{\0*k=+\\\\\}=rM\Xz\\^\x˔lFgī;u\0\\)\\}6\\\\viN \\me\\pVYϮ2`~Juh\d.(>\O\Z?_&\0`ԻR!(\v^x\ҁ	>.g,\;?\ut\'Q\V\y2\g\#(yE{/y\{6Tz2W\Z\/\^I\\nI\\B-$W\<JEeO$\05(WJo6HDIx.\mp[K/h$*$\׏=yh}\\\\v5]\\r_%\\\x\0t3\\\.<}엩L\LV\_PI&3\$\DN`QRl~K>Y\Y\&ǈtqsss\Ov@~Gq\\.n\Yv\Z	e	ܞǸ)\\R}V8\ͫ{c|g\Zc5cot4\Ppc;\nA\4\d\\/\\1\l/\\\\\\Z=9\\LO\\\?\\n\Ǻ\}\IZ\f:f`N;^59\Z\nS?E\0ys\\\	\X	T\JmM\\\eY?M\}ŏ_?={VoQ\\tUXz7²\e\6k	ac\L\\ƳK\N$EPQ\"\\KOmo׬\ghY\A&\ëȮf\ \ \\n<\s\\[---o\\.]óT>کg\g\PHd\\\'Ab`e\j\+\\kl\V\u\U&\\\\	z\ 0*\R*\U\\730N\\"$\M4Bhsa\b{˞5]^&@6$^k\dȥ\V\59\Ȭ\V\:0[\0\\aHxggn3\\\VH*U\r0\q\Z\\\\\/\1]uۃ\k^@\\7ӐB@bj\*@\9ϼ7\[\믚{\rpA//d\L\"|3\%Y6-\^\Ԛn_.-\Q2K\'\'\Kk\k1&Z/\\/֫\\s\\!\\w\f(,\U\e%\\H7\qKH\\o\T\\nMGvsd3]pc#0\\I\$Q	92\\>p):״~\\Q8h/\Ѓc3\kؕ\\\n \\pS\mU\\\Μ/Y ceE#oJ\j7$:S_|s\\\\j\{\çl \\\XeWKk0Q?!)߫i襇\G\u\m;y;>}놦}҇gOv\B\\\h|I\\pv3;	98\Z\p1Y\v\\vv=iy\\^\V\\v\\خ\\\f&8\J}]y`pDo[[nrE붶\\JW\Y\\N\\nd.wEM\Տe&\pMWGWES9$E[[[5yp\^iEz\QO<U=F\ਣ<m?{G\\4\ݽF\QOþ0\^N\[cCiyٶ/\_ꭱzݻO\W\\\\\u#Gb\\\\\\ę3Fs:˽3_uW\F\\\K\6\Ϝio\'\r\03LWoOvx	wh\\j\'\p^uoI\\-.\\\<ر\r\U-*\\R\e\6WƨjaD\\\G)a(7V{(c\U	O\@\^\}h\\\R\h\Ѯ\"8ģ\e\\\\\8ˏ\r\_匀gs:s旿~\сm {&-F\0\\2z۞Q@|\dQH)^P]\#\\`o-Q\(\KUP\\Gߒ)ٻ\\^ަҨ$m/>6\i^:\ݦ|\E}\H^ԫ(mg\\~W\gOaq\[\r\ب_\{]6T\\\rEԹ`\ѽm\[\[~3\0]X0\\\\aH[{)\q\\\\Fm\'\\\\0\\M84 \\)\vKtM\o4i{3\]#x\}!{\?rI/B4Μȫ\\^\\\Z\r\\\o\U\\\l<o{\\$Ы\Z\\\\o/*\M_?κ54c\-k}	\?\S\r$lƂ+S\y\O/^R݉/o\-\>Zinv\46ٝgǾ~\޾x{\b\n\{6>F`4\'b]v>#omp\Q\~6\(\\aD[Tj\'ͷZ6<\\\Z&\\ȢJy@GL\MD\rP\G\0\0IIDAT\0\TCc\\\'oG.b!\\\ZM7yp\nB\c{J\3\Ej\|5a\^՘Q\#\\2l\\#GLx\/\\rٻѷFi#WVV#Y媗pE͘R\iub80X\\\)4̺dI2}\\\\৩\6׸\=@nqy6r\\rt9Uw#ckX^śxyt\r&8s\"\򞪉Ν\Ko#]ƱW\'Xc諠6x\\0E\kHW\r\n\\ϳq\W]8V\\`fA<y\"M\"ѠLĘ\\X\H\\Pl	%BFWiTs\7!ha|A \F*L\I?e\pyUY\{;cSSccw6\ƌ@g穁;\n\_M\rxQ\\6ZB\rx󔗩x\\\\0\ӐSLS8~\TgG5bO1:\\\\^8X\XZ#:Bd\D{C#f\<w\K:fTa\OMtȁ\\09^/~2\p\'\\\8װBBJ<\JR\0衞\0\\aNu\0\0\0\0IENDB`');
/*!40000 ALTER TABLE `st_attachment` ENABLE KEYS */;
UNLOCK TABLES;

--
-- Table structure for table `st_bank`
--

DROP TABLE IF EXISTS `st_bank`;
/*!40101 SET @saved_cs_client     = @@character_set_client */;
/*!50503 SET character_set_client = utf8mb4 */;
CREATE TABLE `st_bank` (
  `id` bigint NOT NULL AUTO_INCREMENT,
  `created_by` varchar(50) DEFAULT NULL,
  `created_datetime` datetime(6) DEFAULT NULL,
  `modified_by` varchar(50) DEFAULT NULL,
  `modified_datetime` datetime(6) DEFAULT NULL,
  `org_id` bigint DEFAULT NULL,
  `org_name` varchar(50) DEFAULT NULL,
  `account_no` bigint DEFAULT NULL,
  `account_type` varchar(50) DEFAULT NULL,
  `bank_name` varchar(50) DEFAULT NULL,
  `customer_name` varchar(50) DEFAULT NULL,
  PRIMARY KEY (`id`)
) ENGINE=InnoDB DEFAULT CHARSET=utf8mb4 COLLATE=utf8mb4_0900_ai_ci;
/*!40101 SET character_set_client = @saved_cs_client */;

--
-- Dumping data for table `st_bank`
--

LOCK TABLES `st_bank` WRITE;
/*!40000 ALTER TABLE `st_bank` DISABLE KEYS */;
/*!40000 ALTER TABLE `st_bank` ENABLE KEYS */;
UNLOCK TABLES;

--
-- Table structure for table `st_college`
--

DROP TABLE IF EXISTS `st_college`;
/*!40101 SET @saved_cs_client     = @@character_set_client */;
/*!50503 SET character_set_client = utf8mb4 */;
CREATE TABLE `st_college` (
  `id` bigint NOT NULL AUTO_INCREMENT,
  `created_by` varchar(50) DEFAULT NULL,
  `created_datetime` datetime DEFAULT NULL,
  `modified_by` varchar(50) DEFAULT NULL,
  `modified_datetime` datetime DEFAULT NULL,
  `org_id` bigint DEFAULT NULL,
  `org_name` varchar(50) DEFAULT NULL,
  `address` varchar(50) DEFAULT NULL,
  `city` varchar(50) DEFAULT NULL,
  `name` varchar(50) DEFAULT NULL,
  `phoneno` varchar(15) DEFAULT NULL,
  `state` varchar(50) DEFAULT NULL,
  PRIMARY KEY (`id`)
) ENGINE=InnoDB AUTO_INCREMENT=17 DEFAULT CHARSET=latin1;
/*!40101 SET character_set_client = @saved_cs_client */;

--
-- Dumping data for table `st_college`
--

LOCK TABLES `st_college` WRITE;
/*!40000 ALTER TABLE `st_college` DISABLE KEYS */;
INSERT INTO `st_college` VALUES (2,'root@sunilos.com','2022-05-24 12:13:05','root@sunilos.com','2022-05-24 12:13:05',0,'root','MP COLONY','BHOAPL','SIRT','9892924545','MADHYA PRADESH'),(4,'root@sunilos.com','2022-05-24 12:14:41','root@sunilos.com','2022-05-24 12:14:41',0,'root','203, SAMPARK VIHAR','KANPUR','IIT KANPUR','9663635252','UTTAR PRADESH'),(5,'root@sunilos.com','2022-05-24 12:15:33','root@sunilos.com','2022-05-24 12:15:33',0,'root','101, YN ROAD','PILANI','BITS','9541412323','RAJASTHAN'),(7,'root@sunilos.com','2022-05-24 12:17:01','root@sunilos.com','2022-05-24 12:17:01',0,'root','45, MOUNT ROAD','MUMBAI','XAVIER COLLEGE','9456561212','MAHARASHTRA'),(8,'root@sunilos.com','2022-07-12 23:15:19','root@sunilos.com','2022-07-12 23:15:19',0,'root','Takshsheela Indore','Indore','Davv','9865230147','M.P.'),(9,'root@sunilos.com','2022-07-12 23:17:44','root@sunilos.com','2022-07-12 23:17:44',0,'root','Rau, Indore','Indore','IPS','9865230147','M.P.'),(10,'root@sunilos.com','2022-07-12 23:18:54','root@sunilos.com','2022-07-12 23:18:54',0,'root','Rau, Indore','Indore','Medicaps','8985666320','M.P.'),(11,'root@sunilos.com','2022-07-12 23:19:29','root@sunilos.com','2022-07-12 23:19:29',0,'root','Bhopal','Bhopal','LNCT','8985666320','M.P.'),(12,'root@sunilos.com','2022-07-12 23:20:13','root@sunilos.com','2022-07-12 23:20:13',0,'root','Indore','Indore','KHALSA','9865230147','M.P.'),(13,'root@sunilos.com','2022-07-12 23:20:52','root@sunilos.com','2022-07-12 23:20:52',0,'root','Indore','Indore','VAISHNAV','8985666320','M.P.'),(14,'root@sunilos.com','2022-07-12 23:21:29','root@sunilos.com','2022-07-12 23:21:29',0,'root','Kailod kartal road indore','Indore','SAGE','9865230147','M.P.'),(15,'root@sunilos.com','2022-07-12 23:22:01','root@sunilos.com','2022-07-12 23:22:01',0,'root','Vijaynagar indore','Indore','SICA','8985666320','M.P.'),(16,'root@sunilos.com','2022-07-12 23:22:45','root@sunilos.com','2022-07-12 23:22:45',0,'root','Rau, Indore','Indore','ACROPOLIS','9865230147','M.P.');
/*!40000 ALTER TABLE `st_college` ENABLE KEYS */;
UNLOCK TABLES;

--
-- Table structure for table `st_course`
--

DROP TABLE IF EXISTS `st_course`;
/*!40101 SET @saved_cs_client     = @@character_set_client */;
/*!50503 SET character_set_client = utf8mb4 */;
CREATE TABLE `st_course` (
  `id` bigint NOT NULL AUTO_INCREMENT,
  `created_by` varchar(50) DEFAULT NULL,
  `created_datetime` datetime DEFAULT NULL,
  `modified_by` varchar(50) DEFAULT NULL,
  `modified_datetime` datetime DEFAULT NULL,
  `org_id` bigint DEFAULT NULL,
  `org_name` varchar(50) DEFAULT NULL,
  `course_id` bigint DEFAULT NULL,
  `course_name` varchar(50) DEFAULT NULL,
  `description` varchar(50) DEFAULT NULL,
  `duration` varchar(50) DEFAULT NULL,
  PRIMARY KEY (`id`)
) ENGINE=InnoDB AUTO_INCREMENT=23 DEFAULT CHARSET=latin1;
/*!40101 SET character_set_client = @saved_cs_client */;

--
-- Dumping data for table `st_course`
--

LOCK TABLES `st_course` WRITE;
/*!40000 ALTER TABLE `st_course` DISABLE KEYS */;
INSERT INTO `st_course` VALUES (9,'root@sunilos.com','2022-07-13 00:10:26','root@sunilos.com','2022-07-13 00:10:26',0,'root',0,'Java','Corporate Java','1'),(10,'root',NULL,'root@sunilos.com','2022-07-13 00:29:47',0,NULL,0,'B. Pharmacy','Bachelor Of Pharmacy','3'),(11,'root@sunilos.com','2022-07-13 00:30:13','root@sunilos.com','2022-07-13 00:30:13',0,'root',0,'M. Phill','Masters of Phillosophy','2'),(12,'root@sunilos.com','2022-07-13 00:30:39','root@sunilos.com','2022-07-13 00:30:39',0,'root',0,'Masters of  Pharmacy','Masters Of Pharmacy','2'),(13,'root@sunilos.com','2022-07-13 00:31:05','root@sunilos.com','2022-07-13 00:31:05',0,'root',0,'MASS Comunication','Jounralism','2'),(14,'root@sunilos.com','2022-07-13 00:31:48','root@sunilos.com','2022-07-13 00:31:48',0,'root',0,'Genetics Engineering','Bachelors of genetic engineering','4'),(15,'root@sunilos.com','2022-07-13 00:32:28','root@sunilos.com','2022-07-13 00:32:28',0,'root',0,'LLB','Bachelors of Legisalture','3'),(16,'root@sunilos.com','2022-07-13 00:32:44','root@sunilos.com','2022-07-13 00:32:44',0,'root',0,'LLM','Masters of Legistature','2'),(17,'root@sunilos.com','2022-07-13 00:33:12','root@sunilos.com','2022-07-13 00:33:12',0,'root',0,'BCA','Bachelors of Computer Applications','3'),(18,'root@sunilos.com','2022-07-13 00:33:31','root@sunilos.com','2022-07-13 00:33:31',0,'root',0,'MCA','Masters of computer applications','3'),(19,'root',NULL,'root@sunilos.com','2023-07-18 11:58:33',0,NULL,0,'BSC','Bachelors of Science','3'),(20,'root@sunilos.com','2022-07-13 00:34:40','root@sunilos.com','2022-07-13 00:34:40',0,'root',0,'B Com','Bachelors of commerce','3'),(21,'root@sunilos.com','2022-07-13 00:35:24','root@sunilos.com','2022-07-13 00:35:24',0,'root',0,'BBA','Bachelors of Business Administration','3'),(22,'root@sunilos.com','2022-07-13 00:35:59','root@sunilos.com','2022-07-13 00:35:59',0,'root',0,'MBA','Masters of Businees Administration','2');
/*!40000 ALTER TABLE `st_course` ENABLE KEYS */;
UNLOCK TABLES;

--
-- Table structure for table `st_faculty`
--

DROP TABLE IF EXISTS `st_faculty`;
/*!40101 SET @saved_cs_client     = @@character_set_client */;
/*!50503 SET character_set_client = utf8mb4 */;
CREATE TABLE `st_faculty` (
  `id` bigint NOT NULL AUTO_INCREMENT,
  `created_by` varchar(50) DEFAULT NULL,
  `created_datetime` datetime DEFAULT NULL,
  `modified_by` varchar(50) DEFAULT NULL,
  `modified_datetime` datetime DEFAULT NULL,
  `org_id` bigint DEFAULT NULL,
  `org_name` varchar(50) DEFAULT NULL,
  `college_id` bigint DEFAULT NULL,
  `college_name` varchar(50) DEFAULT NULL,
  `course_id` bigint DEFAULT NULL,
  `course_name` varchar(50) DEFAULT NULL,
  `dob` datetime DEFAULT NULL,
  `email` varchar(50) DEFAULT NULL,
  `faculty_id` varchar(50) DEFAULT NULL,
  `first_name` varchar(50) DEFAULT NULL,
  `gender` varchar(10) DEFAULT NULL,
  `last_name` varchar(50) DEFAULT NULL,
  `phone_no` varchar(15) DEFAULT NULL,
  `qualification` varchar(15) DEFAULT NULL,
  `subject_id` bigint DEFAULT NULL,
  `subject_name` varchar(50) DEFAULT NULL,
  PRIMARY KEY (`id`)
) ENGINE=InnoDB AUTO_INCREMENT=11 DEFAULT CHARSET=latin1;
/*!40101 SET character_set_client = @saved_cs_client */;

--
-- Dumping data for table `st_faculty`
--

LOCK TABLES `st_faculty` WRITE;
/*!40000 ALTER TABLE `st_faculty` DISABLE KEYS */;
INSERT INTO `st_faculty` VALUES (5,'root@sunilos.com','2022-07-13 00:43:34','root@sunilos.com','2022-07-13 00:43:34',0,'root',10,'Medicaps',20,'B Com','1991-04-02 05:30:00','ashok@gmail.com',NULL,'Ashok','Male','Sharma','8201489636','Bcom',14,'Taxation'),(6,'root@sunilos.com','2022-07-13 00:44:25','root@sunilos.com','2022-07-13 00:44:25',0,'root',8,'Davv',17,'BCA','1991-04-02 05:30:00','ramya@gmail.com',NULL,'Ramya','Male','Shrivastav','9856032471','BSC',9,'C++'),(7,'root@sunilos.com','2022-07-13 00:45:38','root@sunilos.com','2022-07-13 00:45:38',0,'root',11,'LNCT',17,'BCA','1988-07-02 05:30:00','sunil@gmail.com',NULL,'Sunil','Male','Pal','8201489636','M.Sc',10,'Java'),(8,'root@sunilos.com','2022-07-13 00:47:05','root@sunilos.com','2022-07-13 00:47:05',0,'root',9,'IPS',15,'LLB','1981-06-02 05:30:00','vivek@gmail.com',NULL,'Vivek','Male','Bhawsar','7898656524','LLB',11,'Constitution'),(9,'root@sunilos.com','2022-07-13 00:48:16','root@sunilos.com','2022-07-13 00:48:16',0,'root',4,'IIT KANPUR',13,'MASS Comunication','1988-03-02 05:30:00','preeti@gmail.com',NULL,'Preeti','Female','Sharma','9856032471','P.hd',16,'Print Media'),(10,'root@sunilos.com','2022-07-13 00:49:19','root@sunilos.com','2022-07-13 00:49:19',0,'root',13,'VAISHNAV',16,'LLM','1987-06-05 05:30:00','aakash@gmail.com',NULL,'aakash','Male','Raghuvanshi','9856327014','LLM',15,'Hindu Law');
/*!40000 ALTER TABLE `st_faculty` ENABLE KEYS */;
UNLOCK TABLES;

--
-- Table structure for table `st_marksheet`
--

DROP TABLE IF EXISTS `st_marksheet`;
/*!40101 SET @saved_cs_client     = @@character_set_client */;
/*!50503 SET character_set_client = utf8mb4 */;
CREATE TABLE `st_marksheet` (
  `id` bigint NOT NULL AUTO_INCREMENT,
  `name` varchar(50) DEFAULT NULL,
  `roll_no` varchar(20) DEFAULT NULL,
  `student_id` bigint DEFAULT NULL,
  `chemistry` int DEFAULT NULL,
  `maths` int DEFAULT NULL,
  `physics` int DEFAULT NULL,
  `org_name` varchar(50) DEFAULT NULL,
  `org_id` bigint DEFAULT NULL,
  `created_by` varchar(50) DEFAULT NULL,
  `created_datetime` datetime DEFAULT NULL,
  `modified_by` varchar(50) DEFAULT NULL,
  `modified_datetime` datetime DEFAULT NULL,
  PRIMARY KEY (`id`)
) ENGINE=InnoDB AUTO_INCREMENT=87 DEFAULT CHARSET=latin1;
/*!40101 SET character_set_client = @saved_cs_client */;

--
-- Dumping data for table `st_marksheet`
--

LOCK TABLES `st_marksheet` WRITE;
/*!40000 ALTER TABLE `st_marksheet` DISABLE KEYS */;
INSERT INTO `st_marksheet` VALUES (72,'Dheeraj Vishwakarma','DX105',20,54,62,98,'root',0,'root@sunilos.com','2022-07-13 00:04:04','root@sunilos.com','2022-07-13 00:04:04'),(73,'Kapil Malviya','DX106',17,81,97,98,NULL,0,'root',NULL,'root@sunilos.com','2022-07-15 21:29:44'),(74,'Mayank Gupta','DX107',25,23,71,98,'root',0,'root@sunilos.com','2022-07-13 00:04:53','root@sunilos.com','2022-07-13 00:04:53'),(76,'Ram Sharma','DX109',16,94,65,98,'root',0,'root@sunilos.com','2022-07-13 00:05:41','root@sunilos.com','2022-07-13 00:05:41'),(77,'Rupali Chouhan','DX110',27,65,87,98,'root',0,'root@sunilos.com','2022-07-13 00:06:28','root@sunilos.com','2022-07-13 00:06:28'),(78,'Sachin Birla','DX111',28,32,84,98,'root',0,'root@sunilos.com','2022-07-13 00:06:49','root@sunilos.com','2022-07-13 00:06:49'),(79,'Sanket Jain','DX112',26,32,54,98,'root',0,'root@sunilos.com','2022-07-13 00:07:10','root@sunilos.com','2022-07-13 00:07:10'),(81,'Vineet Goyal','DX114',18,88,91,99,NULL,0,'root',NULL,'root@sunilos.com','2022-07-15 21:28:58'),(82,'Vishu Lumba','DX115',15,97,96,98,NULL,0,'root',NULL,'root@sunilos.com','2022-07-13 00:09:02'),(83,'Yash Kanoongo','DX116',14,94,65,98,'root',0,'root@sunilos.com','2022-07-13 00:09:24','root@sunilos.com','2022-07-13 00:09:24'),(84,'Aman Jain','DX100',30,69,77,55,NULL,0,'root',NULL,'root@sunilos.com','2022-07-17 10:02:12'),(85,'Riya chaturvedi','DX120',31,65,75,55,'root',0,'root@sunilos.com','2022-07-18 10:25:29','root@sunilos.com','2022-07-18 10:25:29');
/*!40000 ALTER TABLE `st_marksheet` ENABLE KEYS */;
UNLOCK TABLES;

--
-- Table structure for table `st_message`
--

DROP TABLE IF EXISTS `st_message`;
/*!40101 SET @saved_cs_client     = @@character_set_client */;
/*!50503 SET character_set_client = utf8mb4 */;
CREATE TABLE `st_message` (
  `id` bigint NOT NULL AUTO_INCREMENT,
  `created_by` varchar(50) DEFAULT NULL,
  `created_datetime` datetime DEFAULT NULL,
  `modified_by` varchar(50) DEFAULT NULL,
  `modified_datetime` datetime DEFAULT NULL,
  `org_id` bigint DEFAULT NULL,
  `org_name` varchar(50) DEFAULT NULL,
  `body` longtext NOT NULL,
  `code` varchar(10) NOT NULL,
  `is_html` varchar(150) DEFAULT NULL,
  `status` varchar(15) DEFAULT NULL,
  `subject` varchar(200) NOT NULL,
  `type` varchar(15) DEFAULT NULL,
  PRIMARY KEY (`id`),
  UNIQUE KEY `UK_33m7f3qh2o7ko8x2p87mlygkd` (`code`)
) ENGINE=InnoDB AUTO_INCREMENT=2 DEFAULT CHARSET=latin1;
/*!40101 SET character_set_client = @saved_cs_client */;

--
-- Dumping data for table `st_message`
--

LOCK TABLES `st_message` WRITE;
/*!40000 ALTER TABLE `st_message` DISABLE KEYS */;
INSERT INTO `st_message` VALUES (1,NULL,NULL,NULL,NULL,NULL,NULL,'<HTML><BODY>\r\n\"   <H1>Your password is reccovered !! </H1>\"\r\n        We have recovered your password and here it is <br>\r\n        <h3> User - {user}\r\n        Password - {password} </h3>\r\n </BODY></HTML>\r\n','U-FP','Y','ACTIVE','Forget Password','EMAIL');
/*!40000 ALTER TABLE `st_message` ENABLE KEYS */;
UNLOCK TABLES;

--
-- Table structure for table `st_role`
--

DROP TABLE IF EXISTS `st_role`;
/*!40101 SET @saved_cs_client     = @@character_set_client */;
/*!50503 SET character_set_client = utf8mb4 */;
CREATE TABLE `st_role` (
  `id` bigint NOT NULL AUTO_INCREMENT,
  `name` varchar(50) DEFAULT NULL,
  `status` varchar(15) DEFAULT NULL,
  `description` varchar(100) DEFAULT NULL,
  `org_id` bigint DEFAULT NULL,
  `org_name` varchar(50) DEFAULT NULL,
  `can_delete` varchar(1) DEFAULT NULL,
  `can_read` varchar(1) DEFAULT NULL,
  `can_update` varchar(1) DEFAULT NULL,
  `can_write` varchar(1) DEFAULT NULL,
  `created_by` varchar(50) DEFAULT NULL,
  `created_datetime` datetime DEFAULT NULL,
  `modified_by` varchar(50) DEFAULT NULL,
  `modified_datetime` datetime DEFAULT NULL,
  `role_name` varchar(50) DEFAULT NULL,
  PRIMARY KEY (`id`)
) ENGINE=InnoDB AUTO_INCREMENT=9 DEFAULT CHARSET=latin1;
/*!40101 SET character_set_client = @saved_cs_client */;

--
-- Dumping data for table `st_role`
--

LOCK TABLES `st_role` WRITE;
/*!40000 ALTER TABLE `st_role` DISABLE KEYS */;
INSERT INTO `st_role` VALUES (1,'Admin','Active','Admin',0,'root','Y','Y','Y','Y','root@sunilos.com','2025-02-12 20:12:22','root@sunilos.com','2025-02-12 20:12:22',NULL),(2,'Customer','Active','Customer',0,NULL,'Y','Y','Y','Y','root',NULL,'root@sunilos.com','2025-02-12 20:12:06',NULL),(6,'Shop','Active','Shop',0,'root','Y','Y','Y','Y','root@sunilos.com','2025-02-12 20:11:23','root@sunilos.com','2025-02-12 20:11:23',NULL);
/*!40000 ALTER TABLE `st_role` ENABLE KEYS */;
UNLOCK TABLES;

--
-- Table structure for table `st_student`
--

DROP TABLE IF EXISTS `st_student`;
/*!40101 SET @saved_cs_client     = @@character_set_client */;
/*!50503 SET character_set_client = utf8mb4 */;
CREATE TABLE `st_student` (
  `id` bigint NOT NULL AUTO_INCREMENT,
  `created_by` varchar(50) DEFAULT NULL,
  `created_datetime` datetime DEFAULT NULL,
  `modified_by` varchar(50) DEFAULT NULL,
  `modified_datetime` datetime DEFAULT NULL,
  `org_id` bigint DEFAULT NULL,
  `org_name` varchar(50) DEFAULT NULL,
  `college_id` bigint DEFAULT NULL,
  `college_name` varchar(50) DEFAULT NULL,
  `dob` datetime DEFAULT NULL,
  `email` varchar(50) DEFAULT NULL,
  `enrol_no` varchar(20) DEFAULT NULL,
  `first_name` varchar(50) DEFAULT NULL,
  `last_name` varchar(50) DEFAULT NULL,
  `phone_no` varchar(15) DEFAULT NULL,
  PRIMARY KEY (`id`)
) ENGINE=InnoDB AUTO_INCREMENT=32 DEFAULT CHARSET=latin1;
/*!40101 SET character_set_client = @saved_cs_client */;

--
-- Dumping data for table `st_student`
--

LOCK TABLES `st_student` WRITE;
/*!40000 ALTER TABLE `st_student` DISABLE KEYS */;
INSERT INTO `st_student` VALUES (14,'root@sunilos.com','2022-07-12 23:24:20','root@sunilos.com','2022-07-12 23:24:20',0,'root',11,'LNCT','1998-06-02 05:30:00','yashkanoongo493@gmail.com','DS160@123','Yash','Kanoongo','9856032471'),(15,'root@sunilos.com','2022-07-12 23:25:20','root@sunilos.com','2022-07-12 23:25:20',0,'root',16,'ACROPOLIS','1994-05-02 05:30:00','vishu@gmail.com','DS160@121','Vishu','Lumba','9856327014'),(16,'root@sunilos.com','2022-07-12 23:26:13','root@sunilos.com','2022-07-12 23:26:13',0,'root',5,'BITS','1998-01-02 05:30:00','ram@gmail.com','DS160@122','Ram','Sharma','8201489636'),(17,'root@sunilos.com','2022-07-12 23:26:53','root@sunilos.com','2022-07-12 23:26:53',0,'root',8,'Davv','1998-05-01 05:30:00','kapil@gmail.com','DS160@124','Kapil','Malviya','9856302147'),(18,'root@sunilos.com','2022-07-12 23:28:02','root@sunilos.com','2022-07-12 23:28:02',0,'root',5,'BITS','1998-05-01 05:30:00','vineet@gmail.com','DS160@125','Vineet','Goyal','9520147635'),(19,'root@sunilos.com','2022-07-12 23:28:02','root@sunilos.com','2022-07-12 23:28:02',0,'root',8,'Davv','1994-05-02 05:30:00','nilesh@gmail.com','DS160@126','Nilesh','Gurjar','7898656524'),(20,'root@sunilos.com','2022-07-12 23:53:00','root@sunilos.com','2022-07-12 23:53:00',0,'root',4,'IIT KANPUR','1994-06-02 05:30:00','dheeraj@gmail.com','DS160@127','Dheeraj','Vishwakarma','9820145637'),(21,'root@sunilos.com','2022-07-12 23:53:41','root@sunilos.com','2022-07-12 23:53:41',0,'root',12,'KHALSA','1997-06-03 05:30:00','dheeraj1@gmail.com','DS160@128','Dheeraj','Haryani','9856032147'),(22,'root@sunilos.com','2022-07-12 23:54:35','root@sunilos.com','2022-07-12 23:54:35',0,'root',2,'LNCT','1994-08-02 05:30:00','aayush@gmail.com','DS160@129','Aayush','Goyal','7856320149'),(23,'root@sunilos.com','2022-07-12 23:55:31','root@sunilos.com','2022-07-12 23:55:31',0,'root',11,'LNCT','1993-02-05 05:30:00','amar@gmail.com','DS160@130','Amar','Chouhan','9865302147'),(24,'root@sunilos.com','2022-07-12 23:56:35','root@sunilos.com','2022-07-12 23:56:35',0,'root',15,'SICA','1998-01-02 05:30:00','abhi@gmail.com','DS160@131','Abhishek','Patidar','8902136547'),(25,'root@sunilos.com','2022-07-12 23:57:57','root@sunilos.com','2022-07-12 23:57:57',0,'root',13,'VAISHNAV','1998-05-02 05:30:00','mayank@gmail.com','DS160@132','Mayank','Gupta','9802314657'),(26,'root@sunilos.com','2022-07-12 23:58:48','root@sunilos.com','2022-07-12 23:58:48',0,'root',14,'SAGE','1994-05-02 05:30:00','sanket@gmail.com','DS160@133','Sanket','Jain','8021453697'),(27,'root@sunilos.com','2022-07-12 23:59:36','root@sunilos.com','2022-07-12 23:59:36',0,'root',5,'BITS','1996-08-02 05:30:00','rupali@gmail.ocm','DS160@134','Rupali','Chouhan','9028653147'),(28,'root@sunilos.com','2022-07-13 00:00:32','root@sunilos.com','2022-07-13 00:00:32',0,'root',6,'VITS','1997-02-05 05:30:00','sachin@gmail.com','DS160@135','Sachin','Birla','9856320165'),(29,'root@sunilos.com','2022-07-13 00:01:25','root@sunilos.com','2022-07-13 00:01:25',0,'root',7,'XAVIER COLLEGE','1996-04-02 05:30:00','shiv@gmail.com','DS160@136','Shiv','Kushwah','9802145637'),(30,'root@sunilos.com','2022-07-17 10:01:01','root@sunilos.com','2022-07-17 10:01:01',0,'root',16,'ACROPOLIS','1995-12-03 05:30:00','aman@gmail.com','DS160@250','Aman','Jain','9874569874'),(31,'root@sunilos.com','2022-07-18 10:23:41','root@sunilos.com','2022-07-18 10:23:41',0,'root',12,'KHALSA','1995-12-25 05:30:00','riya@gmail.com','DS160@260','Riya','chaturvedi','9874563215');
/*!40000 ALTER TABLE `st_student` ENABLE KEYS */;
UNLOCK TABLES;

--
-- Table structure for table `st_subject`
--

DROP TABLE IF EXISTS `st_subject`;
/*!40101 SET @saved_cs_client     = @@character_set_client */;
/*!50503 SET character_set_client = utf8mb4 */;
CREATE TABLE `st_subject` (
  `id` bigint NOT NULL AUTO_INCREMENT,
  `created_by` varchar(50) DEFAULT NULL,
  `created_datetime` datetime DEFAULT NULL,
  `modified_by` varchar(50) DEFAULT NULL,
  `modified_datetime` datetime DEFAULT NULL,
  `org_id` bigint DEFAULT NULL,
  `org_name` varchar(50) DEFAULT NULL,
  `course_id` bigint DEFAULT NULL,
  `course_name` varchar(50) DEFAULT NULL,
  `description` varchar(50) DEFAULT NULL,
  `subject_id` bigint DEFAULT NULL,
  `subject_name` varchar(50) DEFAULT NULL,
  PRIMARY KEY (`id`)
) ENGINE=InnoDB AUTO_INCREMENT=17 DEFAULT CHARSET=latin1;
/*!40101 SET character_set_client = @saved_cs_client */;

--
-- Dumping data for table `st_subject`
--

LOCK TABLES `st_subject` WRITE;
/*!40000 ALTER TABLE `st_subject` DISABLE KEYS */;
INSERT INTO `st_subject` VALUES (8,'root@sunilos.com','2022-07-13 00:38:04','root@sunilos.com','2022-07-13 00:38:04',0,'root',17,'BCA','C language',0,'C'),(9,'root@sunilos.com','2022-07-13 00:38:20','root@sunilos.com','2022-07-13 00:38:20',0,'root',19,'BSC','C++ Language',0,'C++'),(10,'root@sunilos.com','2022-07-13 00:38:46','root@sunilos.com','2022-07-13 00:38:46',0,'root',18,'MCA','Java Language',0,'Java'),(11,'root@sunilos.com','2022-07-13 00:39:26','root@sunilos.com','2022-07-13 00:39:26',0,'root',15,'LLB','Constitution part1 & 2',0,'Constitution'),(12,'root@sunilos.com','2022-07-13 00:39:59','root@sunilos.com','2022-07-13 00:39:59',0,'root',22,'MBA','Ethics and laws of bussiness',0,'Bussiness Law'),(13,'root@sunilos.com','2022-07-13 00:40:52','root@sunilos.com','2022-07-13 00:40:52',0,'root',14,'Genetics Engineering','genetics of human body',0,'Core Genetics'),(14,'root',NULL,'root@sunilos.com','2022-07-13 00:41:36',0,NULL,20,'B Com','Taxation and slabs of fiscal policy',0,'Taxation'),(15,'root@sunilos.com','2022-07-13 00:42:20','root@sunilos.com','2022-07-13 00:42:20',0,'root',16,'LLM','laws of Hindu religion',0,'Hindu Law'),(16,'root@sunilos.com','2022-07-13 00:42:51','root@sunilos.com','2022-07-13 00:42:51',0,'root',13,'MASS Comunication','media of printing ',0,'Print Media');
/*!40000 ALTER TABLE `st_subject` ENABLE KEYS */;
UNLOCK TABLES;

--
-- Table structure for table `st_timetable`
--

DROP TABLE IF EXISTS `st_timetable`;
/*!40101 SET @saved_cs_client     = @@character_set_client */;
/*!50503 SET character_set_client = utf8mb4 */;
CREATE TABLE `st_timetable` (
  `id` bigint NOT NULL AUTO_INCREMENT,
  `created_by` varchar(50) DEFAULT NULL,
  `created_datetime` datetime DEFAULT NULL,
  `modified_by` varchar(50) DEFAULT NULL,
  `modified_datetime` datetime DEFAULT NULL,
  `org_id` bigint DEFAULT NULL,
  `org_name` varchar(50) DEFAULT NULL,
  `course_id` bigint DEFAULT NULL,
  `course_name` varchar(50) DEFAULT NULL,
  `description` varchar(50) DEFAULT NULL,
  `exam_date` datetime DEFAULT NULL,
  `exam_time` varchar(50) DEFAULT NULL,
  `semester` varchar(30) DEFAULT NULL,
  `subject_id` bigint DEFAULT NULL,
  `subject_name` varchar(50) DEFAULT NULL,
  PRIMARY KEY (`id`)
) ENGINE=InnoDB AUTO_INCREMENT=8 DEFAULT CHARSET=latin1;
/*!40101 SET character_set_client = @saved_cs_client */;

--
-- Dumping data for table `st_timetable`
--

LOCK TABLES `st_timetable` WRITE;
/*!40000 ALTER TABLE `st_timetable` DISABLE KEYS */;
INSERT INTO `st_timetable` VALUES (1,'root',NULL,'root@sunilos.com','2022-07-13 00:50:24',0,NULL,20,'B Com','Student must present with their admit card','2023-06-15 05:30:00','08:00 AM to 11:00 AM','3 Semester',14,'Taxation'),(2,'root',NULL,'root@sunilos.com','2022-07-13 00:52:21',0,NULL,19,'BSC','Student must present with their admit card','2023-02-21 05:30:00','08:00 AM to 11:00 AM','2 Semester',8,'C'),(3,'root',NULL,'root@sunilos.com','2022-07-13 00:51:04',0,NULL,10,'B. Pharmacy','Student must present with their admit card','2024-02-13 05:30:00','12:00PM to 3:00PM','3 Semester',13,'Core Genetics'),(4,'root',NULL,'root@sunilos.com','2022-07-13 00:53:30',0,NULL,18,'MCA','Student must present with their admit card','2024-05-29 05:30:00','3:00PM to 6:00PM','2 Semester',9,'C++'),(5,'root',NULL,'root@sunilos.com','2022-07-13 00:53:57',0,NULL,15,'LLB','Student must present with their admit card','2023-03-07 05:30:00','12:00PM to 3:00PM','3 Semester',11,'Constitution'),(6,'root',NULL,'root@sunilos.com','2022-07-13 00:52:53',0,NULL,16,'LLM','Student must present with their admit card','2024-06-14 05:30:00','08:00 AM to 11:00 AM','3 Semester',15,'Hindu Law'),(7,'root',NULL,'root@sunilos.com','2022-07-13 00:51:51',0,NULL,22,'MBA','Student must present with their admit card','2023-06-07 05:30:00','12:00PM to 3:00PM','1 Semester',12,'Bussiness Law');
/*!40000 ALTER TABLE `st_timetable` ENABLE KEYS */;
UNLOCK TABLES;

--
-- Table structure for table `st_user`
--

DROP TABLE IF EXISTS `st_user`;
/*!40101 SET @saved_cs_client     = @@character_set_client */;
/*!50503 SET character_set_client = utf8mb4 */;
CREATE TABLE `st_user` (
  `id` bigint NOT NULL AUTO_INCREMENT,
  `first_name` varchar(50) DEFAULT NULL,
  `last_name` varchar(50) DEFAULT NULL,
  `password` varchar(50) DEFAULT NULL,
  `gender` varchar(10) DEFAULT NULL,
  `dob` datetime DEFAULT NULL,
  `email` varchar(50) DEFAULT NULL,
  `phone` varchar(50) DEFAULT NULL,
  `alternate_mobile` varchar(50) DEFAULT NULL,
  `login_id` varchar(50) DEFAULT NULL,
  `role_id` bigint DEFAULT NULL,
  `role_name` varchar(50) DEFAULT NULL,
  `status` varchar(20) DEFAULT NULL,
  `org_id` bigint DEFAULT NULL,
  `org_name` varchar(50) DEFAULT NULL,
  `access_time_from` time DEFAULT NULL,
  `access_time_to` time DEFAULT NULL,
  `image_id` bigint DEFAULT NULL,
  `last_login` datetime DEFAULT NULL,
  `unsuccess_login` int DEFAULT NULL,
  `valid_from_date` datetime DEFAULT NULL,
  `valid_to_date` datetime DEFAULT NULL,
  `created_by` varchar(50) DEFAULT NULL,
  `created_datetime` datetime DEFAULT NULL,
  `modified_by` varchar(50) DEFAULT NULL,
  `modified_datetime` datetime DEFAULT NULL,
  PRIMARY KEY (`id`)
) ENGINE=InnoDB AUTO_INCREMENT=94 DEFAULT CHARSET=latin1;
/*!40101 SET character_set_client = @saved_cs_client */;

--
-- Dumping data for table `st_user`
--

LOCK TABLES `st_user` WRITE;
/*!40000 ALTER TABLE `st_user` DISABLE KEYS */;
INSERT INTO `st_user` VALUES (71,'Rajat','Dhakad','Harda@123','Male','1990-01-15 05:30:00','rajatdhakad5@gmail.com','8976543210','9876543210','rajatdhakad5@gmail.com',1,'Admin','Active',0,NULL,NULL,NULL,22,'2025-08-29 14:09:44',0,NULL,NULL,'root',NULL,'rajatdhakad5@gmail.com','2025-08-29 14:09:44'),(72,'Priya','Singh','Priya@123','Female','1992-07-10 00:00:00','priya.singh@gmail.com','8876543210','7676543210','priya.singh@gmail.com',2,'Student','Active',0,NULL,NULL,NULL,21,NULL,0,NULL,NULL,'root',NULL,'root@sunilos.com','2024-10-01 01:59:35'),(74,'Neha','Kumar','Neha@123','Female','1994-11-11 05:30:00','neha.kumar@gmail.com','7476543210','8876543210','neha.kumar@gmail.com',2,'Student','Active',0,NULL,NULL,NULL,19,NULL,0,NULL,NULL,'root',NULL,'root@sunilos.com','2024-10-01 01:58:48'),(77,'Manish','Patel','Manish@123','Male','1980-12-01 05:30:00','manish.patel@gmail.com','8576543210','9876543210','manish.patel@gmail.com',5,'Faculty','Active',0,NULL,NULL,NULL,18,NULL,0,NULL,NULL,'root',NULL,'root@sunilos.com','2024-10-08 19:06:39'),(78,'Pooja','Mehta','Pooja@123','Female','1991-02-28 05:30:00','pooja.mehta@gmail.com','8876543210','8876543210','pooja.mehta@gmail.com',2,'Student','Active',0,NULL,NULL,NULL,20,NULL,0,NULL,NULL,'root',NULL,'root@sunilos.com','2024-10-01 01:59:13'),(79,'Aakash','Thakur','Aakash@123','Male','2024-10-01 05:30:00','aakash.thakur@gmail.com','8776543210','8876543210','aakash.thakur@gmail.com',2,'Student','Active',0,NULL,NULL,NULL,16,NULL,0,NULL,NULL,'root',NULL,'root@sunilos.com','2024-10-03 10:25:14'),(80,'Kiran','Bhatia','Kiran@123','Female','2021-02-02 05:30:00','kiran.bhatia@gmail.com','9876543210','8876543210','kiran.bhatia@gmail.com',2,'Student','Active',0,NULL,NULL,NULL,17,NULL,0,NULL,NULL,'root',NULL,'root@sunilos.com','2024-10-01 02:10:12'),(87,'Kashmira','Patel','Harda@123','Female','2024-10-17 05:30:00','kashmira@gmail.com','8565458565','8565485455','kashmira@gmail.com',2,'Student','Active',0,'root',NULL,NULL,26,NULL,0,NULL,NULL,'root@sunilos.com','2024-10-03 11:28:17','root@sunilos.com','2024-10-03 11:28:18');
/*!40000 ALTER TABLE `st_user` ENABLE KEYS */;
UNLOCK TABLES;
/*!40103 SET TIME_ZONE=@OLD_TIME_ZONE */;

/*!40101 SET SQL_MODE=@OLD_SQL_MODE */;
/*!40014 SET FOREIGN_KEY_CHECKS=@OLD_FOREIGN_KEY_CHECKS */;
/*!40014 SET UNIQUE_CHECKS=@OLD_UNIQUE_CHECKS */;
/*!40101 SET CHARACTER_SET_CLIENT=@OLD_CHARACTER_SET_CLIENT */;
/*!40101 SET CHARACTER_SET_RESULTS=@OLD_CHARACTER_SET_RESULTS */;
/*!40101 SET COLLATION_CONNECTION=@OLD_COLLATION_CONNECTION */;
/*!40111 SET SQL_NOTES=@OLD_SQL_NOTES */;

-- Dump completed on 2025-08-30  0:13:13
